Pos	Qual	Freq	Ref	Base	UngappedCoverage	TotalCoverage	replica
66	0	0.0015166835187057635	C	A	1978	2012	a
70	0	0.001519756838905775	A	C	1974	2012	a
118	0	0.03530127814972611	C	A	1643	2012	a
122	0	0.048943270300333706	A	G	1798	2012	a
123	0	0.008724100327153763	A	C	1834	2012	a
125	0	0.013848817080207732	G	A	1733	2012	a
144	0	0.01707455890722823	A	G	1757	2012	a
160	0	0.0055387713997985906	A	G	1986	2011	a
326	0	0.05337876206700738	G	A	1761	2007	a
346	0	0.060652395514780834	C	T	1962	1995	a
350	0	0.02786540483701367	A	T	1902	1995	a
359	0	0.04381049414161997	C	T	1963	1995	a
417	0	0.029518384256861728	C	G	3862	4069	a
423	0	0.07925290257445734	G	A	3962	4067	a
467	0	0.10331125827814569	T	C	3775	4033	a
475	0	0.07889291257113296	C	T	3866	4016	a
496	0	0.06415478615071284	G	A	1964	2038	a
523	0	0.09050445103857567	A	G	2022	2038	a
558	0	0.06565656565656566	T	A	1980	2038	a
653	0	0.09973474801061008	G	A	1885	2038	a
719	0	0.070068359375	T	C	4096	4189	a
779	0	0.061758294986679584	C	T	4129	4194	a
798	0	0.03501199040767386	T	C	2085	2113	a
803	0	0.05846867749419954	A	G	2155	2175	a
834	0	0.011837121212121212	C	T	2112	2179	a
837	0	0.10209424083769633	T	C	1910	2179	a
906	0	0.03125	C	T	2080	2179	a
950	0	0.10985384252710985	G	A	2121	2179	a
988	0	0.011417697431018078	T	A	2102	2171	a
1070	0	0.09217474795967355	C	T	2083	2164	a
1088	0	0.011742602160638797	C	A	2129	2165	a
1175	0	0.23485967503692762	A	G	2031	2166	a
1187	0	0.1521156936261382	T	G	1867	2166	a
1337	0	0.09049116864263247	A	T	4133	4293	a
1343	0	0.07658212262989411	C	T	4061	4293	a
1442	0	0.12460732984293194	C	T	1910	2029	a
1469	0	0.005673027333677153	A	T	1939	2029	a
1475	0	0.07292707292707293	A	G	2002	2029	a
1499	0	0.08109619686800895	G	A	1788	2029	a
1655	0	0.12429378531073447	C	T	3009	3125	a
1736	0	0.09090909090909091	A	G	1122	1131	a
1742	0	0.011690647482014389	C	T	1112	1131	a
1810	0	0.0026666666666666666	A	T	1125	1131	a
1904	0	0.13353441184535234	T	C	3647	3797	a
1922	0	0.060801721818670974	C	T	3717	3798	a
1965	0	0.21839407744874714	T	G	3512	3780	a
2066	0	0.18235064427957828	C	T	2561	2596	a
2093	0	0.09826122118883947	T	C	2473	2596	a
2111	0	0.08104789193614409	T	G	2443	2596	a
2156	0	0.06326809285389166	G	A	2197	2585	a
2253	0	0.01708108108108108	G	A	4625	4906	a
2282	0	0.32346938775510203	A	G	1960	2622	a
2285	0	0.5629217943628424	C	T	2519	2622	a
2298	0	0.582667731629393	T	C	2504	2622	a
2351	0	0.012780790085205267	A	G	2582	2622	a
2394	0	0.5343803056027164	A	G	2356	2622	a
2411	0	0.545992893801816	C	T	2533	2622	a
2525	0	0.08408037094281298	G	A	3235	3370	a
2570	0	0.08030075187969925	C	T	3325	3363	a
2606	0	0.17253299811439346	C	T	3182	3334	a
2648	0	0.13271604938271606	T	G	1944	2109	a
2654	0	0.0970724191063174	C	T	1947	2109	a
2694	0	0.013215859030837005	A	G	2043	2109	a
2765	0	0.010584677419354838	T	G	1984	2109	a
2767	0	0.03922594142259414	T	C	1912	2109	a
2797	0	0.019521082769390942	G	C	3842	4131	a
2828	0	0.14755732801595214	C	T	4012	4117	a
2855	0	0.13164687661331956	T	C	3874	4099	a
2864	0	0.0926444387884958	A	G	3929	4099	a
2905	0	0.05654761904761905	C	T	2016	2056	a
2914	0	0.026140440799589954	A	G	1951	2056	a
2922	0	0.05552725420275089	C	T	1963	2056	a
2923	0	0.05474452554744526	T	C	1918	2056	a
2925	0	0.0175	A	G	2000	2056	a
2943	0	0.018896071606166086	A	G	2011	2057	a
2974	0	0.005955334987593052	T	G	2015	2057	a
2975	0	0.007928642220019821	A	C	2018	2057	a
3008	0	0.006906758756783424	A	G	2027	2057	a
3012	0	0.01432806324110672	T	A	2024	2057	a
3018	0	0.03855659911023233	T	G	2023	2056	a
3019	0	0.012795275590551181	T	C	2032	2056	a
3038	0	0.10379241516966067	T	C	2004	2056	a
3050	0	0.0958354239839438	T	C	1993	2056	a
3052	0	0.10581222056631892	T	C	2013	2055	a
3071	0	0.06870409855484483	A	G	4221	4622	a
3110	0	0.06869044981165522	T	C	4513	4620	a
3137	0	0.047787610619469026	T	C	4520	4624	a
3148	0	0.2065047894854088	T	C	4489	4624	a
3149	0	0.01280070624586184	G	A	4531	4623	a
3168	0	0.004253308128544423	A	C	2116	2170	a
3203	0	0.04706533776301218	G	A	1806	2175	a
3254	0	0.06739961759082218	T	C	2092	2175	a
3282	0	0.042490118577075096	A	G	2024	2175	a
3295	0	0.022878932316491896	A	G	2098	2175	a
3296	0	0.03428839830906529	C	T	2129	2175	a
3373	0	0.0037638202775817455	G	C	4251	4293	a
3405	0	0.009729473184622686	A	G	4214	4297	a
3472	0	0.0063544363379618735	G	T	4249	4302	a
3473	0	0.08128544423440454	C	T	4232	4305	a
3518	0	0.060730593607305934	C	T	2190	2224	a
3535	0	0.05165193113075849	T	C	2149	2224	a
3566	0	0.06719184430027804	C	T	2158	2224	a
3593	0	0.0620558976788252	C	T	2111	2224	a
3605	0	0.0699953336444237	G	A	2143	2224	a
3617	0	0.04927536231884058	G	A	2070	2224	a
3767	0	0.03650336215177714	A	T	2082	2232	a
3806	0	0.02807179015186378	A	T	2173	2237	a
3827	0	0.04501160092807425	C	T	2155	2237	a
3854	0	0.026433915211970076	A	G	2005	2237	a
3885	0	0.04530892448512586	T	C	2185	2237	a
3928	0	0.031767955801104975	T	C	2172	2237	a
3989	0	0.07737704918032787	T	C	4575	4636	a
4030	0	0.06310049337834328	C	T	3851	4638	a
4056	0	0.010831174947021427	A	G	4247	4620	a
4083	0	0.010040160642570281	T	G	1992	2188	a
4085	0	0.11440677966101695	T	C	2124	2188	a
4094	0	0.11292962356792144	C	T	1833	2188	a
4095	0	0.0037533512064343165	T	G	1865	2188	a
4106	0	0.12093553907586994	A	G	1753	2188	a
4238	0	0.13873961895456766	C	T	2047	2188	a
4295	0	0.12804453723034098	A	G	4311	4482	a
4331	0	0.019786217875824425	T	C	4397	4491	a
4407	0	0.03348104382077794	G	A	2031	2137	a
4454	0	0.056007659167065585	G	A	2089	2137	a
4481	0	0.05134596211365902	G	A	2006	2137	a
4493	0	0.07232401157184185	C	T	2074	2137	a
4523	0	0.09519087754090233	G	A	2017	2137	a
4536	0	0.025653206650831355	A	G	2105	2137	a
4544	0	0.007215007215007215	T	G	2079	2137	a
4592	0	0.06237816764132553	A	G	4104	4251	a
4595	0	0.05	C	T	4100	4251	a
4733	0	0.07271789582258896	T	C	1939	2020	a
4748	0	0.012759170653907496	C	T	1881	2020	a
4751	0	0.05196128374936322	T	C	1963	2020	a
4883	0	0.06570841889117043	T	C	5357	5492	a
4930	0	0.060296667308803696	C	T	5191	5493	a
4988	0	0.18006103763987794	G	A	2949	3065	a
5000	0	0.10105263157894737	T	C	2850	3065	a
5036	0	0.11735205616850551	C	T	2991	3065	a
5038	0	0.03296333669693912	A	G	2973	3065	a
5041	0	0.03432732316227462	G	A	2884	3065	a
5060	0	0.11267605633802817	T	C	2982	3065	a
5066	0	0.14620081411126187	C	T	2948	3065	a
5087	0	0.09625850340136054	C	T	2940	3065	a
5096	0	0.10670731707317073	T	C	2952	3065	a
5156	0	0.10127860026917901	C	T	2972	3064	a
5163	0	0.035668789808917196	C	T	5495	5686	a
5267	0	0.18777777777777777	T	C	5400	5685	a
5282	0	0.028187418331155498	T	C	5357	5679	a
5308	0	0.01160167579761521	T	C	3103	3165	a
5315	0	0.18438030560271648	G	A	2945	3168	a
5369	0	0.37112403100775193	C	T	3096	3169	a
5375	0	0.3397097625329815	A	G	3032	3169	a
5387	0	0.35175072277545777	C	T	3113	3169	a
5406	0	0.001943634596695821	A	C	3087	3169	a
5561	0	0.12753123653597587	C	T	4642	4806	a
5591	0	0.12010542168674698	T	C	2656	2763	a
5668	0	0.010393466963622866	T	G	2694	2763	a
5680	0	0.15748339194998046	C	T	2559	2763	a
5717	0	0.18452380952380953	C	T	2688	2763	a
5734	0	0.017640573318632856	C	T	2721	2763	a
5828	0	0.11833231146535868	T	C	4893	4955	a
6002	0	0.08674827035657265	T	C	1879	2015	a
6011	0	0.010536879076768691	A	C	1993	2015	a
6012	0	0.001525940996948118	C	T	1966	2015	a
6038	0	0.006141248720573183	T	C	1954	2015	a
6056	0	0.12378017462763226	C	T	1947	2015	a
6092	0	0.11174626590448092	C	T	5423	6024	a
6101	0	0.12920203735144312	T	C	5890	6024	a
6164	0	0.12169222990055621	C	T	5933	6006	a
6202	0	0.011049723756906077	A	G	1991	2017	a
6352	0	0.039361095265259556	T	C	1753	2002	a
6363	0	0.12236503856041131	C	T	1945	1993	a
6443	0	0.0872258064516129	G	A	3875	4151	a
6452	0	0.07618814306712396	C	T	4082	4150	a
6473	0	0.028985507246376812	T	C	207	289	a
6488	0	0.010309278350515464	A	G	291	298	a
6512	0	0.08247422680412371	C	T	291	301	a
6533	0	0.017241379310344827	A	G	290	301	a
6556	0	0.04878048780487805	T	C	287	301	a
6560	0	0.003472222222222222	G	C	288	301	a
6561	0	0.0070921985815602835	C	A	282	301	a
6574	0	0.010416666666666666	G	A	288	301	a
6584	0	0.06896551724137931	T	C	261	301	a
6608	0	0.040955631399317405	G	A	293	301	a
6626	0	0.03859649122807018	C	T	285	301	a
6629	0	0.2222222222222222	A	C	234	301	a
6651	0	0.03888888888888889	A	G	180	181	a
6671	0	0.13253012048192772	C	T	83	129	a
6672	0	0.007874015748031496	T	C	127	129	a
6684	0	0.013888888888888888	A	C	72	74	a
6694	0	0.015384615384615385	G	T	65	67	a
6746	0	0.10206084396467124	C	T	2038	2121	a
6890	0	0.13340174448435094	A	G	1949	2055	a
6989	0	0.13386524822695037	C	T	4512	4589	a
7037	0	0.17400979083222073	C	T	4494	4577	a
7049	0	0.1460136674259681	C	T	4390	4570	a
7050	0	0.12272840428180234	T	C	4017	4569	a
7094	0	0.23746835443037975	C	T	1975	2057	a
7148	0	0.15239980207817913	T	C	2021	2059	a
7151	0	0.17768803634528016	C	T	1981	2059	a
7157	0	0.14486711829077645	C	T	1919	2059	a
7175	0	0.1462018730489074	C	T	1922	2059	a
7229	0	0.0041025641025641026	A	C	1950	2059	a
7432	0	0.0029806259314456036	T	G	2013	2057	a
7451	0	0.1785	C	T	2000	2057	a
7482	0	0.0040650406504065045	T	G	1968	2057	a
7488	0	0.03245749613601236	T	G	1941	2057	a
7493	0	0.08260646485377117	G	T	1949	2057	a
7505	0	0.09932397295891836	T	C	1923	2057	a
7517	0	0.15792207792207794	C	T	1925	2057	a
7538	0	0.08190091001011122	A	G	1978	2057	a
7568	0	0.10878885316184352	T	C	1866	2057	a
7577	0	0.09060402684563758	T	C	4172	4389	a
7604	0	0.14142175332830947	T	C	3981	4399	a
7647	0	0.027294685990338165	G	A	4140	4402	a
7667	0	0.0200416449765747	T	C	3842	4401	a
7679	0	0.0693907156673114	A	G	4136	4395	a
7713	0	0.09348914858096828	T	C	1797	2017	a
7771	0	0.01529745042492918	T	G	1765	2017	a
7826	0	0.09213951067152525	T	C	1921	2017	a
7869	0	0.04081066074403109	C	A	3602	3904	a
7916	0	0.2400676246830093	C	T	3549	3902	a
7937	0	0.09183128670581954	C	T	3746	3891	a
7939	0	0.08357348703170028	T	C	3817	3890	a
7983	0	0.009922041105598866	G	T	1411	1604	a
7993	0	0.009937888198757764	G	T	1610	1631	a
8007	0	0.11835443037974684	G	A	1580	1637	a
8045	0	0.03281733746130031	T	C	1615	1638	a
8056	0	0.0086687306501548	T	G	1615	1638	a
8060	0	0.041353383458646614	C	T	1596	1638	a
8105	0	0.1051980198019802	C	T	1616	1638	a
8184	0	0.025259067357512953	G	A	1544	1606	a
8215	0	0.009502515371716043	T	G	3578	3831	a
8296	0	0.004375170905113481	C	A	3657	3755	a
8387	0	0.05733824302998422	C	T	1901	2078	a
8408	0	0.1198992443324937	T	C	1985	2078	a
8429	0	0.08879263670817542	G	A	1847	2078	a
8516	0	0.08911316298045953	A	G	4657	4790	a
8538	0	0.02722824930865773	G	A	4701	4785	a
8555	0	0.046803900325027084	C	T	4615	4779	a
8597	0	0.1555783009211873	T	C	1954	2053	a
8823	0	0.12749651648862054	C	T	4306	4419	a
8852	0	0.11066916237716425	C	T	4274	4415	a
8888	0	0.10101010101010101	T	C	1980	2056	a
8925	0	0.021551724137931036	T	C	1856	2057	a
9037	0	0.016418676244227808	G	A	1949	2057	a
9098	0	0.09745454545454546	T	C	4125	4225	a
9176	0	0.09638848218643241	C	T	4098	4187	a
9200	0	0.10540540540540541	G	A	1850	2059	a
9225	0	0.07654563297350343	C	T	2038	2059	a
9242	0	0.13034410844629823	T	C	1918	2059	a
9272	0	0.11354581673306773	C	T	2008	2059	a
9296	0	0.09381237524950099	T	C	2004	2059	a
9344	0	0.006979062811565304	G	A	2006	2059	a
9434	0	0.0407545412203074	A	G	4294	4359	a
9455	0	0.048040152963671125	G	A	4184	4350	a
9461	0	0.01021355617455896	A	G	4308	4348	a
9503	0	0.049620548744892	C	T	1713	2018	a
9527	0	0.04652326163081541	A	G	1999	2018	a
9548	0	0.035840484603735484	T	C	1981	2018	a
9623	0	0.03616273229532898	C	T	1991	2018	a
9677	0	0.1841344890990281	G	A	3807	4046	a
9704	0	0.0482897384305835	C	T	3976	4040	a
9713	0	0.031161473087818695	C	T	3883	4039	a
9723	0	2.5131942699170643e-4	A	T	3979	4037	a
9724	0	0.03714067667260239	T	A	3931	4036	a
9758	0	0.08433734939759036	A	G	1992	2001	a
9884	0	0.10834629341627787	G	A	1929	2002	a
9887	0	0.08709016393442623	C	T	1952	2002	a
9896	0	0.08488612836438923	T	A	1932	2002	a
9899	0	0.06451612903225806	A	G	1891	2002	a
9968	0	0.024514811031664963	T	C	1958	1995	a
10097	0	0.11476278823217599	C	T	3773	3866	a
10192	0	0.02608242044861763	G	A	1917	2005	a
10217	0	0.07696335078534032	A	G	1910	2005	a
10230	0	0.08808016877637131	C	T	1896	2005	a
10281	0	0.12257100149476831	G	A	2007	2072	a
10286	0	0.13151239251390998	C	T	1977	2071	a
10314	0	0.10153541357107479	A	G	2019	2070	a
10349	0	0.10733899151273091	T	C	2003	2063	a
10361	0	0.19065321295804566	T	C	1883	2060	a
10376	0	0.12318087318087319	G	A	1924	2055	a
10392	0	0	A	G	3	3	a
10477	0	0	T	C	3	3	a
10611	0	0	T	G	1	1	a
10612	0	0	T	C	1	1	a
66	0	0.003006012024048096	C	A	1996	2029	b
70	0	0.00399002493765586	A	C	2005	2029	b
118	0	0.03500583430571762	C	A	1714	2031	b
122	0	0.0546875	A	G	1792	2031	b
123	0	0.007692307692307693	A	C	1820	2031	b
125	0	0.015734265734265736	G	A	1716	2031	b
144	0	0.016201117318435754	A	G	1790	2032	b
160	0	0.006986027944111776	A	G	2004	2032	b
326	0	0.043815862451469775	G	A	1803	2033	b
346	0	0.06613625062158131	C	T	2011	2030	b
350	0	0.011788826242952332	A	T	1951	2029	b
359	0	0.052788844621513946	C	T	2008	2028	b
417	0	0.03234773818549406	C	G	3957	4195	b
423	0	0.0835374816266536	G	A	4082	4195	b
467	0	0.11510974987238387	T	C	3918	4171	b
475	0	0.0801209372637944	C	T	3969	4121	b
496	0	0.07496325330720235	G	A	2041	2111	b
523	0	0.08731307284129282	A	G	2073	2114	b
558	0	0.07220039292730845	T	A	2036	2114	b
653	0	0.08845958312150483	G	A	1967	2114	b
719	0	0.07679544915856838	T	C	4219	4330	b
779	0	0.06922533553096304	C	T	4247	4312	b
798	0	0.039442039442039445	T	C	2079	2094	b
803	0	0.08040442946557536	A	G	2077	2094	b
834	0	0.024826216484607744	C	T	2014	2097	b
837	0	0.14254975793437333	T	C	1859	2097	b
906	0	0.03125	C	T	2016	2097	b
950	0	0.08625730994152046	G	A	2052	2096	b
988	0	0.0105	T	A	2000	2091	b
1070	0	0.1398989898989899	C	T	1980	2055	b
1088	0	0.012858555885262116	C	A	2022	2055	b
1175	0	0.30373095112979503	A	G	1903	2056	b
1187	0	0.18419556566230813	T	G	1759	2056	b
1337	0	0.09535573122529645	A	T	4048	4218	b
1343	0	0.08684738955823293	C	T	3984	4217	b
1442	0	0.12206572769953052	C	T	1917	2030	b
1469	0	0.011404872991187144	A	T	1929	2030	b
1475	0	0.06566416040100251	A	G	1995	2030	b
1499	0	0.07850779510022271	G	A	1796	2030	b
1655	0	0.14420157862780814	C	T	3294	3459	b
1736	0	0.12125435540069686	A	G	1435	1446	b
1742	0	0.006382978723404255	C	T	1410	1446	b
1810	0	0.00766016713091922	A	T	1436	1446	b
1904	0	0.16749488453668518	T	C	3421	3547	b
1922	0	0.11761280931586608	C	T	3435	3534	b
1965	0	0.23424828446662507	T	G	3206	3466	b
2066	0	0.20833333333333334	C	T	2016	2065	b
2093	0	0.07818088911599387	T	C	1957	2065	b
2111	0	0.07479508196721311	T	G	1952	2065	b
2156	0	0.049773755656108594	G	A	1768	2051	b
2253	0	0.025628013194620654	G	A	3941	4164	b
2282	0	0.04683342203299627	A	G	1879	2064	b
2285	0	0.11393692777212615	C	T	1966	2064	b
2298	0	0.11809427268119614	T	C	1973	2064	b
2351	0	0.012845849802371542	A	G	2024	2064	b
2394	0	0.08413098236775819	A	G	1985	2064	b
2411	0	0.09528585757271815	C	T	1994	2064	b
2525	0	0.07877316857899382	G	A	4532	4691	b
2570	0	0.09444564512643182	C	T	4627	4687	b
2606	0	0.18626126126126127	C	T	4440	4615	b
2648	0	0.13157894736842105	T	G	1976	2126	b
2654	0	0.10927835051546392	C	T	1940	2126	b
2694	0	0.008220502901353965	A	G	2068	2126	b
2765	0	0.012066365007541479	T	G	1989	2126	b
2767	0	0.044605809128630707	T	C	1928	2126	b
2797	0	0.02634978041849651	G	C	3871	4161	b
2828	0	0.16465665764213636	C	T	4063	4157	b
2855	0	0.13629363449691992	T	C	3896	4152	b
2864	0	0.09378960709759189	A	G	3945	4151	b
2905	0	0.03571428571428571	C	T	2072	2111	b
2914	0	0.016566265060240965	A	G	1992	2112	b
2922	0	0.03381402287419195	C	T	2011	2112	b
2923	0	0.055842812823164424	T	C	1934	2112	b
2925	0	0.011143410852713179	A	G	2064	2112	b
2943	0	0.020813165537270088	A	G	2066	2112	b
2974	0	0.008244422890397672	T	G	2062	2114	b
2975	0	0.013975903614457831	A	C	2075	2114	b
3008	0	0.00625	A	G	2080	2114	b
3012	0	0.011020603737422138	T	A	2087	2114	b
3018	0	0.031385803959439885	T	G	2071	2114	b
3019	0	0.02072289156626506	T	C	2075	2114	b
3038	0	0.11652852267186738	T	C	2051	2112	b
3050	0	0.10997566909975669	T	C	2055	2110	b
3052	0	0.10809500727096462	T	C	2063	2110	b
3071	0	0.10534998821588498	A	G	4243	4657	b
3110	0	0.09874366321357725	T	C	4537	4653	b
3137	0	0.07340260888790626	T	C	4523	4647	b
3148	0	0.2214046822742475	T	C	4485	4640	b
3149	0	0.011653474054529463	G	A	4548	4639	b
3168	0	0.0052732502396931925	A	C	2086	2149	b
3203	0	0.09682804674457429	G	A	1797	2153	b
3254	0	0.09294403892944039	T	C	2055	2153	b
3282	0	0.041375872382851446	A	G	2006	2153	b
3295	0	0.03276283618581907	A	G	2045	2153	b
3296	0	0.061663479923518165	C	T	2092	2153	b
3373	0	0.005368814192343604	G	C	4284	4330	b
3405	0	0.013064133016627079	A	G	4210	4315	b
3472	0	0.00868544600938967	G	T	4260	4334	b
3473	0	0.12379610054028659	C	T	4257	4334	b
3518	0	0.09710078232857801	C	T	2173	2216	b
3535	0	0.05934579439252336	T	C	2140	2216	b
3566	0	0.12143858010275572	C	T	2141	2216	b
3593	0	0.10328415040456926	C	T	2101	2216	b
3605	0	0.10004675081813932	G	A	2139	2216	b
3617	0	0.08615537848605578	G	A	2008	2216	b
3767	0	0.0361225422953818	A	T	2187	2343	b
3806	0	0.02962962962962963	A	T	2295	2357	b
3827	0	0.05799026117751217	C	T	2259	2357	b
3854	0	0.03122043519394513	A	G	2114	2357	b
3885	0	0.04008714596949891	T	C	2295	2357	b
3928	0	0.03789198606271777	T	C	2296	2357	b
3989	0	0.09354413702239789	T	C	4554	4625	b
4030	0	0.060534591194968554	C	T	3816	4622	b
4056	0	0.010023310023310023	A	G	4290	4623	b
4083	0	0.006243996157540826	T	G	2082	2298	b
4085	0	0.14580529385374608	T	C	2229	2298	b
4094	0	0.12525773195876289	C	T	1940	2298	b
4095	0	0.005516549648946841	T	G	1994	2298	b
4106	0	0.15697990222705052	A	G	1841	2298	b
4238	0	0.1671309192200557	C	T	2154	2298	b
4295	0	0.16792770071458596	A	G	4758	4975	b
4331	0	0.020374562667215476	T	C	4859	4951	b
4407	0	0.04105011933174224	G	A	2095	2215	b
4454	0	0.0892774965485504	G	A	2173	2215	b
4481	0	0.07670182166826463	G	A	2086	2215	b
4493	0	0.11126629422718808	C	T	2148	2215	b
4523	0	0.11904761904761904	G	A	2100	2215	b
4536	0	0.06304647952139898	A	G	2173	2215	b
4544	0	0.004631773969430292	T	G	2159	2215	b
4592	0	0.0838569880823402	A	G	4615	4755	b
4595	0	0.07213547393886079	C	T	4547	4754	b
4733	0	0.12263157894736842	T	C	1900	2023	b
4748	0	0.01993704092339979	C	T	1906	2023	b
4751	0	0.08393039918116683	T	C	1954	2023	b
4883	0	0.0739906103286385	T	C	5325	5470	b
4930	0	0.07350928641251223	C	T	5115	5475	b
4988	0	0.16381156316916487	G	A	2802	2907	b
5000	0	0.10853293413173652	T	C	2672	2910	b
5036	0	0.10990168539325842	C	T	2848	2910	b
5038	0	0.031216743526073076	A	G	2819	2910	b
5041	0	0.039927404718693285	G	A	2755	2910	b
5060	0	0.10209889718961224	T	C	2811	2910	b
5066	0	0.15255448374419436	C	T	2799	2910	b
5087	0	0.09767441860465116	C	T	2795	2910	b
5096	0	0.10265613783201723	T	C	2786	2910	b
5156	0	0.09232401839405731	C	T	2827	2909	b
5163	0	0.026219192448872573	C	T	5721	5961	b
5267	0	0.18960722975321515	T	C	5754	6014	b
5282	0	0.020171899666725137	T	C	5701	6015	b
5308	0	0.01229120705956508	T	C	3173	3248	b
5315	0	0.1619672131147541	G	A	3050	3250	b
5369	0	0.31810973675864257	C	T	3153	3253	b
5375	0	0.2894314166398972	A	G	3113	3253	b
5387	0	0.30584192439862545	C	T	3201	3253	b
5406	0	0.0025284450063211127	A	C	3164	3253	b
5561	0	0.11865828092243187	C	T	4770	4919	b
5591	0	0.09873873873873874	T	C	2775	2887	b
5668	0	0.008501594048884165	T	G	2823	2890	b
5680	0	0.14953959484346224	C	T	2715	2890	b
5717	0	0.16251778093883357	C	T	2812	2890	b
5734	0	0.0355998576005696	C	T	2809	2890	b
5828	0	0.13370809074483037	T	C	4981	5055	b
6002	0	0.10841423948220065	T	C	1854	2012	b
6011	0	0.01150575287643822	A	C	1999	2012	b
6012	0	0.003048780487804878	C	T	1968	2012	b
6038	0	0.005159958720330237	T	C	1938	2012	b
6056	0	0.14322381930184805	C	T	1948	2012	b
6092	0	0.10501193317422435	C	T	5447	6039	b
6101	0	0.12272958750636564	T	C	5891	6038	b
6164	0	0.12535756352010768	C	T	5943	6030	b
6202	0	0.0124750499001996	A	G	2004	2031	b
6352	0	0.006117908787541713	T	C	1798	2026	b
6363	0	0.13063524590163936	C	T	1952	2026	b
6443	0	0.13182016586643386	G	A	2291	2467	b
6452	0	0.06718878812860676	C	T	2426	2463	b
6473	0	0.023076923076923078	T	C	260	388	b
6488	0	0.015789473684210527	A	G	380	388	b
6512	0	0.07012987012987013	C	T	385	388	b
6533	0	0.029023746701846966	A	G	379	388	b
6556	0	0.05361930294906166	T	C	373	388	b
6560	0	0.00267379679144385	G	C	374	388	b
6561	0	0.008	C	A	375	388	b
6574	0	0.005361930294906166	G	A	373	388	b
6584	0	0.08985507246376812	T	C	345	388	b
6608	0	0.09138381201044386	G	A	383	388	b
6626	0	0.03367875647668394	C	T	386	388	b
6629	0	0.03296703296703297	A	C	364	388	b
6651	0	0.01791044776119403	A	G	335	336	b
6671	0	0.031578947368421054	C	T	285	302	b
6672	0	0	T	C	300	302	b
6684	0	0.006779661016949152	A	C	295	300	b
6694	0	0	G	T	282	283	b
6746	0	0.09059912323429128	C	T	2053	2156	b
6890	0	0.13072568193515183	A	G	1943	2053	b
6989	0	0.11133069828722003	C	T	4554	4638	b
7037	0	0.11682345219864362	C	T	4571	4628	b
7049	0	0.10672645739910314	C	T	4460	4626	b
7050	0	0.10639862711448884	T	C	4079	4626	b
7094	0	0.21392532795156408	C	T	1982	2062	b
7148	0	0.11618669314796425	T	C	2014	2062	b
7151	0	0.146807440925088	C	T	1989	2062	b
7157	0	0.10361067503924647	C	T	1911	2062	b
7175	0	0.11675392670157068	C	T	1910	2062	b
7229	0	0.007808433107756377	A	C	1921	2062	b
7432	0	0.003954522985664854	T	G	2023	2071	b
7451	0	0.20658682634730538	C	T	2004	2071	b
7482	0	0.003036437246963563	T	G	1976	2071	b
7488	0	0.03715170278637771	T	G	1938	2071	b
7493	0	0.08388074785245073	G	T	1979	2071	b
7505	0	0.09553478712357218	T	C	1926	2071	b
7517	0	0.15539494062983997	C	T	1937	2071	b
7538	0	0.09140859140859141	A	G	2002	2071	b
7568	0	0.10411105178857448	T	C	1873	2069	b
7577	0	0.10624263839811543	T	C	4245	4441	b
7604	0	0.1616111387369468	T	C	4022	4439	b
7647	0	0.025011910433539782	G	A	4198	4432	b
7667	0	0.020005196154845414	T	C	3849	4418	b
7679	0	0.07507288629737609	A	G	4116	4411	b
7713	0	0.11395856052344602	T	C	1834	2039	b
7771	0	0.01347557551937114	T	G	1781	2039	b
7826	0	0.11181102362204724	T	C	1905	2039	b
7869	0	0.05347885402455662	C	A	3665	4025	b
7916	0	0.21736785329018338	C	T	3708	4014	b
7937	0	0.10371517027863777	C	T	3876	4013	b
7939	0	0.09964322120285422	T	C	3924	4012	b
7983	0	0.014431749849669273	G	T	1663	1890	b
7993	0	0.008038585209003215	G	T	1866	1895	b
8007	0	0.10891089108910891	G	A	1818	1900	b
8045	0	0.024167561761546726	T	C	1862	1904	b
8056	0	0.014830508474576272	T	G	1888	1905	b
8060	0	0.058315334773218146	C	T	1852	1905	b
8105	0	0.0966183574879227	C	T	1863	1905	b
8184	0	0.02463605823068309	G	A	1786	1853	b
8215	0	0.008098223615464995	T	G	3828	4103	b
8296	0	0.006685523270763692	C	A	3889	3999	b
8387	0	0.06521739130434782	C	T	1932	2101	b
8408	0	0.12406576980568013	T	C	2007	2101	b
8429	0	0.09376693766937669	G	A	1845	2101	b
8516	0	0.07204843592330978	A	G	4955	5083	b
8538	0	0.024336283185840708	G	A	4972	5081	b
8555	0	0.05337423312883435	C	T	4890	5076	b
8597	0	0.16675037669512807	T	C	1991	2077	b
8823	0	0.14553764734183305	C	T	4157	4336	b
8852	0	0.10232446681044811	C	T	4173	4336	b
8888	0	0.09537856440511308	T	C	2034	2116	b
8925	0	0.025423728813559324	T	C	1888	2117	b
9037	0	0.022448979591836733	G	A	1960	2117	b
9098	0	0.08395872420262664	T	C	4264	4365	b
9176	0	0.08309591642924977	C	T	4212	4324	b
9200	0	0.08528341133645345	G	A	1923	2127	b
9225	0	0.06925996204933586	C	T	2108	2127	b
9242	0	0.13116420945602442	T	C	1967	2127	b
9272	0	0.10454985479186835	C	T	2066	2127	b
9296	0	0.08762638420799229	T	C	2077	2127	b
9344	0	0.007285089849441476	G	A	2059	2127	b
9434	0	0.03618843683083512	A	G	4670	4737	b
9455	0	0.048030101814962374	G	A	4518	4728	b
9461	0	0.01417830290010741	A	G	4655	4714	b
9503	0	0.02962962962962963	C	T	1755	2078	b
9527	0	0.05742092457420925	A	G	2055	2078	b
9548	0	0.03436426116838488	T	C	2037	2078	b
9623	0	0.030791788856304986	C	T	2046	2078	b
9677	0	0.16853360488798372	G	A	3928	4131	b
9704	0	0.05489906450024618	C	T	4062	4122	b
9713	0	0.025163563160543533	C	T	3974	4120	b
9723	0	7.394626571358146e-4	A	T	4057	4113	b
9724	0	0.03347489382962778	T	A	4003	4113	b
9758	0	0.10103499260719566	A	G	2029	2056	b
9884	0	0.13041289023162134	G	A	1986	2057	b
9887	0	0.10109561752988047	C	T	2008	2057	b
9896	0	0.0980788675429727	T	A	1978	2057	b
9899	0	0.0696594427244582	A	G	1938	2057	b
9968	0	0.026355047240179015	T	C	2011	2049	b
10097	0	0.13138486752253484	C	T	3661	3744	b
10192	0	0.028720626631853787	G	A	1915	2007	b
10217	0	0.07281299109481404	A	G	1909	2007	b
10230	0	0.09326145552560647	C	T	1855	2007	b
10281	0	0.11451135241855874	G	A	2026	2081	b
10286	0	0.12563067608476286	C	T	1982	2081	b
10314	0	0.09985170538803757	A	G	2023	2078	b
10349	0	0.12109181141439206	T	C	2015	2069	b
10361	0	0.2012847965738758	T	C	1868	2066	b
10376	0	0.11157455683003129	G	A	1918	2053	b
10392	0	0	A	G	1	1	b
10477	0	0	T	C	1	1	b
10611	0	0	T	G	1	1	b
10612	0	0	T	C	1	1	b
66	0	0.002320185614849188	C	A	1724	1751	c
70	0	0.0011587485515643105	A	C	1726	1753	c
118	0	0.048763736263736264	C	A	1456	1757	c
122	0	0.049773755656108594	A	G	1547	1757	c
123	0	0.010565568676196395	A	C	1609	1757	c
125	0	0.019933554817275746	G	A	1505	1758	c
144	0	0.01996007984031936	A	G	1503	1760	c
160	0	0.005214368482039398	A	G	1726	1760	c
326	0	0.046314416177429873	G	A	1533	1752	c
346	0	0.06523005241700641	C	T	1717	1744	c
350	0	0.01976047904191617	A	T	1670	1744	c
359	0	0.043655413271245634	C	T	1718	1742	c
417	0	0.02347024308466052	C	G	3579	3782	c
423	0	0.08036677454153182	G	A	3708	3779	c
467	0	0.10426136363636364	T	C	3520	3750	c
475	0	0.07985531441291041	C	T	3594	3729	c
496	0	0.06931190356604722	G	A	1991	2038	c
523	0	0.07807061163600199	A	G	2011	2039	c
558	0	0.05840528186896902	T	A	1969	2040	c
653	0	0.08109531332280147	G	A	1899	2038	c
719	0	0.07979120059656973	T	C	4023	4105	c
779	0	0.06679812669460192	C	T	4057	4094	c
798	0	0.040419161676646706	T	C	2004	2018	c
803	0	0.07588617074388418	A	G	2003	2018	c
834	0	0.01782985226693836	C	T	1963	2018	c
837	0	0.12401352874859076	T	C	1774	2018	c
906	0	0.029881504379185988	C	T	1941	2018	c
950	0	0.06760847628657922	G	A	1982	2017	c
988	0	0.00878099173553719	T	A	1936	2009	c
1070	0	0.0884318766066838	C	T	1945	2013	c
1088	0	0.01306532663316583	C	A	1990	2014	c
1175	0	0.24802110817941952	A	G	1895	2016	c
1187	0	0.134648868253047	T	G	1723	2016	c
1337	0	0.07226166328600406	A	T	3944	4096	c
1343	0	0.06815843621399177	C	T	3888	4096	c
1442	0	0.12140240711669283	C	T	1911	2022	c
1469	0	0.008840353614144566	A	T	1923	2022	c
1475	0	0.06566416040100251	A	G	1995	2022	c
1499	0	0.0878754171301446	G	A	1798	2022	c
1655	0	0.12299882858258493	C	T	2561	2680	c
1736	0	0.09117221418234443	A	G	691	697	c
1742	0	0.020348837209302327	C	T	688	697	c
1810	0	0.0014492753623188406	A	T	690	697	c
1904	0	0.12537537537537538	T	C	2664	2759	c
1922	0	0.0643491124260355	C	T	2704	2753	c
1965	0	0.19175911251980982	T	G	2524	2735	c
2066	0	0.21608040201005024	C	T	1990	2034	c
2093	0	0.082687338501292	T	C	1935	2034	c
2111	0	0.06321839080459771	T	G	1914	2034	c
2156	0	0.0527536231884058	G	A	1725	2029	c
2253	0	0.017380025940337225	G	A	3855	4060	c
2282	0	0.053850296176628974	A	G	1857	2034	c
2285	0	0.131551901336074	C	T	1946	2034	c
2298	0	0.10577915376676987	T	C	1938	2034	c
2351	0	0.010994502748625687	A	G	2001	2035	c
2394	0	0.08176739461655663	A	G	1969	2035	c
2411	0	0.09613428280773144	C	T	1966	2035	c
2525	0	0.06741573033707865	G	A	4183	4320	c
2570	0	0.07434333958724203	C	T	4264	4312	c
2606	0	0.17180616740088106	C	T	4086	4263	c
2648	0	0.12849162011173185	T	G	1969	2102	c
2654	0	0.09876543209876543	C	T	1944	2102	c
2694	0	0.011684518013631937	A	G	2054	2102	c
2765	0	0.01057934508816121	T	G	1985	2102	c
2767	0	0.0407426508509541	T	C	1939	2102	c
2797	0	0.03691084611016468	G	C	3522	3803	c
2828	0	0.15477145148356056	C	T	3741	3803	c
2855	0	0.12134706373504035	T	C	3593	3801	c
2864	0	0.08273381294964029	A	G	3614	3801	c
2905	0	0.03591790193842646	C	T	1754	1783	c
2914	0	0.020527859237536656	A	G	1705	1783	c
2922	0	0.04478491455509723	C	T	1697	1783	c
2923	0	0.03148148148148148	T	C	1620	1783	c
2925	0	0.009205983889528193	A	G	1738	1783	c
2943	0	0.011454753722794959	A	G	1746	1783	c
2974	0	0.0063327576280944155	T	G	1737	1783	c
2975	0	0.008027522935779817	A	C	1744	1783	c
3008	0	0.004558404558404558	A	G	1755	1783	c
3012	0	0.0056625141562853904	T	A	1766	1783	c
3018	0	0.029445727482678985	T	G	1732	1783	c
3019	0	0.014933946008041356	T	C	1741	1783	c
3038	0	0.11296829971181556	T	C	1735	1783	c
3050	0	0.1115606936416185	T	C	1730	1783	c
3052	0	0.10880829015544041	T	C	1737	1783	c
3071	0	0.08007549204637368	A	G	3709	4047	c
3110	0	0.0727318803852002	T	C	3946	4051	c
3137	0	0.05078322385042951	T	C	3958	4041	c
3148	0	0.195618950585838	T	C	3926	4036	c
3149	0	0.011645569620253165	G	A	3950	4036	c
3168	0	0.0029254022428083864	A	C	2051	2106	c
3203	0	0.0621046578493387	G	A	1739	2109	c
3254	0	0.0675146771037182	T	C	2044	2109	c
3282	0	0.06341958396752917	A	G	1971	2109	c
3295	0	0.03333333333333333	A	G	2040	2109	c
3296	0	0.02857142857142857	C	T	2065	2109	c
3373	0	0.0036258158085569255	G	C	4137	4179	c
3405	0	0.01584979273347964	A	G	4101	4181	c
3472	0	0.006532784902008227	G	T	4133	4186	c
3473	0	0.09015996122152206	C	T	4126	4187	c
3518	0	0.08141762452107279	C	T	2088	2133	c
3535	0	0.05999032414126754	T	C	2067	2133	c
3566	0	0.08752417794970986	C	T	2068	2133	c
3593	0	0.07933398628795299	C	T	2042	2133	c
3605	0	0.08175182481751825	G	A	2055	2133	c
3617	0	0.06237218813905931	G	A	1956	2133	c
3767	0	0.026341463414634145	A	T	2050	2180	c
3806	0	0.020686412787964268	A	T	2127	2183	c
3827	0	0.04831833254381809	C	T	2111	2183	c
3854	0	0.03145611364789447	A	G	1971	2183	c
3885	0	0.035563874590547495	T	C	2137	2183	c
3928	0	0.027531497900139992	T	C	2143	2183	c
3989	0	0.06193895870736086	T	C	4456	4513	c
4030	0	0.06629243517775996	C	T	3741	4511	c
4056	0	0.009922555663117135	A	G	4132	4497	c
4083	0	0.007688364941055869	T	G	1951	2184	c
4085	0	0.09573459715639811	T	C	2110	2184	c
4094	0	0.08629164391043145	C	T	1831	2184	c
4095	0	0.005411255411255411	T	G	1848	2184	c
4106	0	0.10270880361173815	A	G	1772	2184	c
4238	0	0.12152269399707175	C	T	2049	2184	c
4295	0	0.11915499643959174	A	G	4213	4381	c
4331	0	0.021450221496852412	T	C	4289	4376	c
4407	0	0.05470675209462789	G	A	2029	2136	c
4454	0	0.08912314326784859	G	A	2087	2136	c
4481	0	0.0715	G	A	2000	2136	c
4493	0	0.10528846153846154	C	T	2080	2136	c
4523	0	0.11505752876438219	G	A	1999	2136	c
4536	0	0.053562888570062174	A	G	2091	2136	c
4544	0	0.004287756074321105	T	G	2099	2136	c
4592	0	0.0885741718674988	A	G	4166	4316	c
4595	0	0.07502443792766374	C	T	4092	4316	c
4733	0	0.12401883830455258	T	C	1911	2009	c
4748	0	0.015739769150052464	C	T	1906	2009	c
4751	0	0.0844997407983411	T	C	1929	2009	c
4883	0	0.07191256830601093	T	C	4575	4717	c
4930	0	0.07375565610859729	C	T	4420	4717	c
4988	0	0.1570593149540518	G	A	2394	2468	c
5000	0	0.06696428571428571	T	C	2240	2468	c
5036	0	0.0768277571251549	C	T	2421	2468	c
5038	0	0.030782029950083195	A	G	2404	2468	c
5041	0	0.04218682737839001	G	A	2323	2468	c
5060	0	0.08242677824267783	T	C	2390	2468	c
5066	0	0.10074937552039967	C	T	2402	2468	c
5087	0	0.06663872590108968	C	T	2386	2468	c
5096	0	0.06567796610169492	T	C	2360	2468	c
5156	0	0.05884825556956705	C	T	2379	2468	c
5163	0	0.030229746070133012	C	T	4962	5170	c
5267	0	0.17473172707025714	T	C	4939	5177	c
5282	0	0.022727272727272728	T	C	4884	5174	c
5308	0	0.012168933428775949	T	C	2794	2865	c
5315	0	0.10931174089068826	G	A	2717	2869	c
5369	0	0.2148493543758967	C	T	2788	2869	c
5375	0	0.18874773139745918	A	G	2755	2869	c
5387	0	0.2049469964664311	C	T	2830	2869	c
5406	0	0.0021436227224008574	A	C	2799	2869	c
5561	0	0.10997100156145438	C	T	4483	4603	c
5591	0	0.07000795544948289	T	C	2514	2618	c
5668	0	0.0070066173608407945	T	G	2569	2621	c
5680	0	0.17135862913096694	C	T	2451	2621	c
5717	0	0.1323185011709602	C	T	2562	2621	c
5734	0	0.018231186966640806	C	T	2578	2621	c
5828	0	0.09660183799957256	T	C	4679	4730	c
6002	0	0.11315646995127233	T	C	1847	2004	c
6011	0	0.00906344410876133	A	C	1986	2004	c
6012	0	0.005120327700972862	C	T	1953	2004	c
6038	0	0.006198347107438017	T	C	1936	2004	c
6056	0	0.137842023748064	C	T	1937	2003	c
6092	0	0.1166563976175806	C	T	4869	5418	c
6101	0	0.13286713286713286	T	C	5291	5417	c
6164	0	0.1447072072072072	C	T	5328	5406	c
6202	0	0.015656565656565657	A	G	1980	2009	c
6352	0	0.007311586051743532	T	C	1778	2009	c
6363	0	0.0882051282051282	C	T	1950	2006	c
6443	0	0.10306122448979592	G	A	1960	2094	c
6452	0	0.12798053527980535	C	T	2055	2092	c
6473	0	0.012345679012345678	T	C	81	121	c
6488	0	0.008333333333333333	A	G	120	122	c
6512	0	0.024793388429752067	C	T	121	124	c
6533	0	0.03278688524590164	A	G	122	124	c
6556	0	0.025210084033613446	T	C	119	124	c
6560	0	0	G	C	118	124	c
6561	0	0	C	A	115	124	c
6574	0	0.01652892561983471	G	A	121	124	c
6584	0	0.10377358490566038	T	C	106	124	c
6608	0	0.056910569105691054	G	A	123	124	c
6626	0	0.04838709677419355	C	T	124	124	c
6629	0	0.01639344262295082	A	C	122	124	c
6651	0	0.008064516129032258	A	G	124	124	c
6671	0	0.02608695652173913	C	T	115	121	c
6672	0	0.008620689655172414	T	C	116	121	c
6684	0	0	A	C	118	120	c
6694	0	0	G	T	118	119	c
6746	0	0.09211195928753181	C	T	1965	2079	c
6890	0	0.13392391870766024	A	G	1919	2023	c
6989	0	0.11622501162250116	C	T	4302	4367	c
7037	0	0.11399443929564411	C	T	4316	4360	c
7049	0	0.10812737642585551	C	T	4208	4354	c
7050	0	0.11304793642655729	T	C	3901	4352	c
7094	0	0.21592649310872894	C	T	1959	2037	c
7148	0	0.12437311935807423	T	C	1994	2038	c
7151	0	0.13122171945701358	C	T	1989	2038	c
7157	0	0.10057621791513882	C	T	1909	2038	c
7175	0	0.10712401055408971	C	T	1895	2038	c
7229	0	0.004709576138147566	A	C	1911	2038	c
7432	0	0.0024975024975024975	T	G	2002	2050	c
7451	0	0.19193954659949622	C	T	1985	2050	c
7482	0	0.00513347022587269	T	G	1948	2050	c
7488	0	0.030176899063475548	T	G	1922	2050	c
7493	0	0.07542329399692149	G	T	1949	2050	c
7505	0	0.09968186638388123	T	C	1886	2050	c
7517	0	0.15010460251046026	C	T	1912	2050	c
7538	0	0.09297625063163213	A	G	1979	2050	c
7568	0	0.11344086021505376	T	C	1860	2050	c
7577	0	0.1110576923076923	T	C	4160	4358	c
7604	0	0.1805590531352304	T	C	3971	4355	c
7647	0	0.03341523341523341	G	A	4070	4352	c
7667	0	0.018610747051114023	T	C	3815	4350	c
7679	0	0.08106098165592464	A	G	4034	4339	c
7713	0	0.0965480043149946	T	C	1854	2026	c
7771	0	0.01417233560090703	T	G	1764	2026	c
7826	0	0.09528741584671155	T	C	1931	2025	c
7869	0	0.04178628389154705	C	A	3135	3407	c
7916	0	0.24360613810741688	C	T	3128	3397	c
7937	0	0.09506398537477148	C	T	3282	3393	c
7939	0	0.09334537789822343	T	C	3321	3393	c
7983	0	0.014577259475218658	G	T	1029	1145	c
7993	0	0.007908611599297012	G	T	1138	1154	c
8007	0	0.10062893081761007	G	A	1113	1163	c
8045	0	0.02368421052631579	T	C	1140	1163	c
8056	0	0.009548611111111112	T	G	1152	1163	c
8060	0	0.04085257548845471	C	T	1126	1163	c
8105	0	0.08987783595113438	C	T	1146	1163	c
8184	0	0.021660649819494584	G	A	1108	1157	c
8215	0	0.0080145719489981785	T	G	2745	2949	c
8296	0	0.0075419952005485085	C	A	2917	2994	c
8387	0	0.07187112763320942	C	T	1614	1797	c
8408	0	0.15865662999420962	T	C	1727	1797	c
8429	0	0.1267080745341615	G	A	1610	1797	c
8516	0	0.09764826175869121	A	G	3912	4016	c
8538	0	0.026456372424319512	G	A	3931	4014	c
8555	0	0.04256965944272446	C	T	3876	4012	c
8597	0	0.1454637607704004	T	C	1973	2050	c
8823	0	0.10381644706951386	C	T	4402	4502	c
8852	0	0.09030177378484221	C	T	4341	4503	c
8888	0	0.08602661596958175	T	C	2104	2163	c
8925	0	0.023674729799279464	T	C	1943	2169	c
9037	0	0.02242808386153096	G	A	2051	2173	c
9098	0	0.10241820768136557	T	C	4218	4326	c
9176	0	0.09734513274336283	C	T	4181	4275	c
9200	0	0.10465116279069768	G	A	1978	2193	c
9225	0	0.09271217712177121	C	T	2168	2193	c
9242	0	0.15182987141444115	T	C	2022	2193	c
9272	0	0.12968164794007492	C	T	2136	2193	c
9296	0	0.11116300794021486	T	C	2141	2193	c
9344	0	0.012223789374706159	G	A	2127	2193	c
9434	0	0.05509703323667187	A	G	4483	4565	c
9455	0	0.06170018281535649	G	A	4376	4556	c
9461	0	0.0119813623252718	A	G	4507	4550	c
9503	0	0.03392754456584244	C	T	1739	2041	c
9527	0	0.062438057482656094	A	G	2018	2041	c
9548	0	0.055165496489468405	T	C	1994	2041	c
9623	0	0.03221010901883053	C	T	2018	2041	c
9677	0	0.1682741116751269	G	A	3940	4146	c
9704	0	0.0633629191321499	C	T	4056	4138	c
9713	0	0.025075225677031094	C	T	3988	4136	c
9723	0	9.80392156862745e-4	A	T	4080	4133	c
9724	0	0.03935643564356436	T	A	4040	4132	c
9758	0	0.09974683544303797	A	G	1975	2001	c
9884	0	0.13680949922560662	G	A	1937	2001	c
9887	0	0.10648148148148148	C	T	1944	2001	c
9896	0	0.10817805383022774	T	A	1932	2001	c
9899	0	0.08452950558213716	A	G	1881	2001	c
9968	0	0.02383367139959432	T	C	1972	2001	c
10097	0	0.10837710810063589	C	T	3617	3724	c
10192	0	0.03567625133120341	G	A	1878	2005	c
10217	0	0.07020280811232449	A	G	1923	2005	c
10230	0	0.061385099685204614	C	T	1906	2005	c
10281	0	0.11644177911044477	G	A	2001	2064	c
10286	0	0.12983706720977597	C	T	1964	2063	c
10314	0	0.0935788949726232	A	G	2009	2061	c
10349	0	0.10391566265060241	T	C	1992	2053	c
10361	0	0.18885941644562335	T	C	1885	2051	c
10376	0	0.11626666666666667	G	A	1875	2040	c
10392	0	0	A	G	4	4	c
10477	0	0	T	C	4	4	c
10611	0	0	T	G	1	1	c
10612	0	0	T	C	1	1	c
10613	0	1	C	T	1	1	c
