Pos	Qual	Freq	Ref	Base	UngappedCoverage	TotalCoverage	VariantCov	ForwardVariantCov	ReverseVariantCov	replica	State	StrandAF
1070	0	0.09217474795967355	C	T	2083	2164	192	104	88	a	TRUE	0.8461538461538461
1144	0	0.03436754176610979	T	C	2095	2166	72	32	40	a	FALSE	0.8
1181	0	0.08082408874801902	G	A	1893	2166	153	66	87	a	FALSE	0.7586206896551724
1206	0	0.03948620361560418	C	T	2102	2166	83	46	37	a	FALSE	0.8043478260869565
1219	0	0.03626943005181347	A	G	2123	2166	77	43	34	a	FALSE	0.7906976744186046
1222	0	0.06847045831032579	T	C	1811	2166	124	70	54	a	FALSE	0.7714285714285715
1281	0	0.049547149706979224	G	A	3754	4302	186	95	91	a	FALSE	0.9578947368421052
1337	0	0.09049116864263247	A	T	4133	4293	374	184	190	a	TRUE	0.968421052631579
1400	0	0.03254882323485228	G	A	1997	2029	65	30	35	a	FALSE	0.8571428571428571
1409	0	0.04213197969543147	T	C	1970	2029	83	40	43	a	FALSE	0.9302325581395349
1442	0	0.12460732984293194	C	T	1910	2029	238	104	134	a	TRUE	0.7761194029850746
1444	0	0.09250879839115134	C	T	1989	2029	184	99	85	a	FALSE	0.8585858585858586
1451	0	0.030995934959349592	T	C	1968	2029	61	33	28	a	FALSE	0.8484848484848485
1475	0	0.07292707292707293	A	G	2002	2029	146	65	81	a	TRUE	0.8024691358024691
1522	0	0.07024029574861368	G	T	1623	2029	114	50	64	a	FALSE	0.78125
1537	0	0.030876494023904383	G	A	2008	2029	62	35	27	a	FALSE	0.7714285714285715
1541	0	0.03126809496236248	T	C	1727	2029	54	26	28	a	FALSE	0.9285714285714286
1564	0	0.04655939746662102	T	C	2921	3164	136	74	62	a	FALSE	0.8378378378378378
1598	0	0.03734439834024896	T	C	3133	3165	117	63	54	a	FALSE	0.8571428571428571
1601	0	0.03534031413612566	C	T	3056	3164	108	45	63	a	FALSE	0.7142857142857143
1626	0	0.034253757427472914	T	C	2861	3153	98	47	51	a	FALSE	0.9215686274509803
1655	0	0.12429378531073447	C	T	3009	3125	374	155	219	a	TRUE	0.7077625570776256
1662	0	0.03908355795148248	G	A	2968	3124	116	56	60	a	FALSE	0.9333333333333333
1667	0	0.030252659574468085	C	T	3008	3122	91	47	44	a	FALSE	0.9361702127659575
1722	0	0.055855855855855854	C	T	1110	1131	62	26	36	a	FALSE	0.7222222222222222
1736	0	0.09090909090909091	A	G	1122	1131	102	48	54	a	TRUE	0.8888888888888888
1822	0	0.05028462998102467	G	A	1054	1131	53	31	22	a	FALSE	0.7096774193548387
1824	0	0.034265103697024346	A	G	1109	1131	38	19	19	a	FALSE	1
1871	0	0.03838771593090211	T	C	1042	1129	40	21	19	a	FALSE	0.9047619047619048
1886	0	0.05244122965641953	G	A	1106	1127	58	26	32	a	FALSE	0.8125
2646	0	0.055442522889114956	G	A	1966	2109	109	47	62	a	FALSE	0.7580645161290323
2654	0	0.0970724191063174	C	T	1947	2109	189	81	108	a	TRUE	0.75
2688	0	0.03898635477582846	A	G	2052	2109	80	40	40	a	FALSE	1
2719	0	0.03609239653512993	C	T	2078	2109	75	34	41	a	FALSE	0.8292682926829268
2767	0	0.03922594142259414	T	C	1912	2109	75	44	31	a	FALSE	0.7045454545454546
2794	0	0.053912588327662915	A	T	3821	4134	206	112	94	a	FALSE	0.8392857142857143
2805	0	0.05292061907139291	G	A	4006	4128	212	119	93	a	FALSE	0.7815126050420168
2828	0	0.14755732801595214	C	T	4012	4117	592	247	345	a	TRUE	0.7159420289855073
2846	0	0.04076497232008052	G	A	3974	4107	162	74	88	a	FALSE	0.8409090909090909
2854	0	0.0386352232814852	A	G	3986	4099	154	64	90	a	FALSE	0.7111111111111111
2855	0	0.13164687661331956	T	C	3874	4099	510	251	259	a	TRUE	0.9691119691119691
2864	0	0.0926444387884958	A	G	3929	4099	364	177	187	a	TRUE	0.946524064171123
2875	0	0.03264902300272075	C	T	4043	4097	132	77	55	a	FALSE	0.7142857142857143
2905	0	0.05654761904761905	C	T	2016	2056	114	47	67	a	FALSE	0.7014925373134329
2991	0	0.057806324110671936	T	C	2024	2057	117	49	68	a	FALSE	0.7205882352941176
3030	0	0.03753501400560224	C	T	1785	2056	67	35	32	a	FALSE	0.9142857142857143
3038	0	0.10379241516966067	T	C	2004	2056	208	104	104	a	TRUE	1
3050	0	0.0958354239839438	T	C	1993	2056	191	95	96	a	TRUE	0.9895833333333334
4085	0	0.11440677966101695	T	C	2124	2188	243	121	122	a	TRUE	0.9918032786885246
4086	0	0.03501945525291829	A	G	2056	2188	72	35	37	a	FALSE	0.9459459459459459
4094	0	0.11292962356792144	C	T	1833	2188	207	120	87	a	TRUE	0.725
4105	0	0.06851385390428212	G	A	1985	2188	136	68	68	a	FALSE	1
4106	0	0.12093553907586994	A	G	1753	2188	212	100	112	a	TRUE	0.8928571428571429
4129	0	0.05922077922077922	T	C	1925	2188	114	48	66	a	FALSE	0.7272727272727273
4172	0	0.03651685393258427	C	T	2136	2189	78	33	45	a	FALSE	0.7333333333333333
4177	0	0.041089566020313946	C	T	2166	2189	89	37	52	a	FALSE	0.7115384615384616
4178	0	0.057274826789838335	C	T	2165	2189	124	53	71	a	FALSE	0.7464788732394366
4202	0	0.04894117647058824	G	A	2125	2189	104	43	61	a	FALSE	0.7049180327868853
4208	0	0.04932735426008968	A	T	2007	2189	99	55	44	a	FALSE	0.8
4238	0	0.13873961895456766	C	T	2047	2188	284	166	118	a	TRUE	0.7108433734939759
4680	0	0.041343669250646	T	C	1935	2019	80	45	35	a	FALSE	0.7777777777777778
4697	0	0.04631578947368421	T	C	1900	2020	88	37	51	a	FALSE	0.7254901960784313
4714	0	0.03877973112719752	C	T	1934	2020	75	32	43	a	FALSE	0.7441860465116279
4733	0	0.07271789582258896	T	C	1939	2020	141	69	72	a	TRUE	0.9583333333333334
4751	0	0.05196128374936322	T	C	1963	2020	102	58	44	a	TRUE	0.7586206896551724
4771	0	0.03593429158110883	C	T	1948	2020	70	39	31	a	FALSE	0.7948717948717948
4772	0	0.04716981132075472	A	T	1272	2020	60	32	28	a	FALSE	0.875
4868	0	0.0647442872687704	A	G	1838	2013	119	66	53	a	FALSE	0.803030303030303
5613	0	0.048268238761974946	A	G	2714	2763	131	65	66	a	FALSE	0.9848484848484849
5618	0	0.030033370411568408	C	T	2697	2763	81	36	45	a	FALSE	0.8
5665	0	0.0636042402826855	G	A	2264	2763	144	76	68	a	FALSE	0.8947368421052632
5717	0	0.18452380952380953	C	T	2688	2763	496	259	237	a	TRUE	0.915057915057915
5737	0	0.06815683400513009	G	A	2729	2763	186	106	80	a	FALSE	0.7547169811320755
5740	0	0.06694402420574887	T	C	2644	2763	177	75	102	a	FALSE	0.7352941176470589
5743	0	0.030036630036630037	C	T	2730	2763	82	46	36	a	FALSE	0.782608695652174
5752	0	0.030359820089955022	G	A	2668	2763	81	44	37	a	FALSE	0.8409090909090909
5765	0	0.061247216035634745	A	G	2694	2763	165	68	97	a	FALSE	0.7010309278350515
5828	0	0.11833231146535868	T	C	4893	4955	579	337	242	a	TRUE	0.7181008902077152
5833	0	0.04110207768744354	T	C	4428	4953	182	87	95	a	FALSE	0.9157894736842105
5839	0	0.032029950083194675	C	T	4808	4952	154	82	72	a	FALSE	0.8780487804878049
5913	0	0.03203781512605042	A	C	1904	2013	61	33	28	a	FALSE	0.8484848484848485
5914	0	0.03423236514522822	T	C	1928	2013	66	34	32	a	FALSE	0.9411764705882353
5931	0	0.03508771929824561	G	A	1938	2013	68	35	33	a	FALSE	0.9428571428571428
5934	0	0.049551924090669476	A	G	1897	2013	94	42	52	a	FALSE	0.8076923076923077
5936	0	0.03832396525293817	T	C	1957	2013	75	36	39	a	FALSE	0.9230769230769231
5948	0	0.039755351681957186	C	T	1962	2013	78	42	36	a	FALSE	0.8571428571428571
5976	0	0.031713554987212275	C	T	1955	2013	62	31	31	a	FALSE	1
5977	0	0.03465623253214086	A	T	1789	2014	62	27	35	a	FALSE	0.7714285714285715
5992	0	0.05941143808995003	T	C	1801	2015	107	48	59	a	FALSE	0.8135593220338984
5999	0	0.03279515640766902	G	A	1982	2015	65	38	27	a	FALSE	0.7105263157894737
6030	0	0.07842076798269335	T	C	1849	2015	145	66	79	a	FALSE	0.8354430379746836
6056	0	0.12378017462763226	C	T	1947	2015	241	106	135	a	TRUE	0.7851851851851852
6769	0	0.03373015873015873	C	T	2016	2055	68	35	33	a	FALSE	0.9428571428571428
6773	0	0.03369672943508424	C	T	2018	2055	68	35	33	a	FALSE	0.9428571428571428
6803	0	0.03722504230118443	C	T	1773	2055	66	34	32	a	FALSE	0.9411764705882353
6822	0	0.03292181069958848	A	C	1944	2055	64	35	29	a	FALSE	0.8285714285714286
6823	0	0.03580433686333838	T	C	1983	2055	71	31	40	a	FALSE	0.775
6853	0	0.03681592039800995	A	G	2010	2055	74	39	35	a	FALSE	0.8974358974358975
6861	0	0.04707631318136769	C	T	2018	2055	95	52	43	a	FALSE	0.8269230769230769
6883	0	0.0525	T	C	2000	2055	105	47	58	a	FALSE	0.8103448275862069
6887	0	0.040774719673802244	A	G	1962	2055	80	45	35	a	FALSE	0.7777777777777778
7032	0	0.038205128205128204	T	G	3900	4577	149	62	87	a	FALSE	0.7126436781609196
7034	0	0.10144600090375057	G	A	4426	4576	449	219	230	a	FALSE	0.9521739130434783
7035	0	0.05964834186512353	G	A	4493	4576	268	131	137	a	FALSE	0.9562043795620438
7037	0	0.17400979083222073	C	T	4494	4577	782	343	439	a	TRUE	0.7813211845102506
7042	0	0.03431818181818182	A	G	4400	4573	151	71	80	a	FALSE	0.8875
7044	0	0.05693950177935943	G	A	4215	4572	240	126	114	a	FALSE	0.9047619047619048
7051	0	0.05498204667863555	T	C	4456	4570	245	114	131	a	FALSE	0.8702290076335878
7065	0	0.03623022242604907	A	G	4361	4560	158	88	70	a	FALSE	0.7954545454545454
7098	0	0.07746835443037975	T	C	1975	2059	153	88	65	a	FALSE	0.7386363636363636
7125	0	0.042805569881382156	G	A	1939	2059	83	37	46	a	FALSE	0.8043478260869565
7127	0	0.10414269275028769	C	T	1738	2059	181	89	92	a	FALSE	0.967391304347826
7148	0	0.15239980207817913	T	C	2021	2059	308	149	159	a	TRUE	0.9371069182389937
7149	0	0.033210332103321034	G	A	1897	2059	63	36	27	a	FALSE	0.75
7151	0	0.17768803634528016	C	T	1981	2059	352	158	194	a	TRUE	0.8144329896907216
7157	0	0.14486711829077645	C	T	1919	2059	278	145	133	a	TRUE	0.9172413793103448
7175	0	0.1462018730489074	C	T	1922	2059	281	117	164	a	TRUE	0.7134146341463414
7216	0	0.03185035389282103	A	G	1978	2059	63	30	33	a	FALSE	0.9090909090909091
7220	0	0.087540279269602575	A	G	1862	2059	163	72	91	a	FALSE	0.7912087912087912
7228	0	0.04552590266875981	C	T	1911	2059	87	41	46	a	FALSE	0.8913043478260869
7230	0	0.05195989061075661	C	A	1097	2059	57	25	32	a	FALSE	0.78125
7250	0	0.040473840078973346	C	T	2026	2059	82	38	44	a	FALSE	0.8636363636363636
7273	0	0.03719630187056547	A	G	4651	4972	173	74	99	a	FALSE	0.7474747474747475
7304	0	0.043327556325823226	A	G	4616	4962	200	89	111	a	FALSE	0.8018018018018018
7308	0	0.03129855715871254	G	A	4505	4962	141	73	68	a	FALSE	0.9315068493150684
7312	0	0.0558059669456965	G	A	4659	4962	260	142	118	a	FALSE	0.8309859154929577
7321	0	0.054438671786763045	A	T	4427	4960	241	120	121	a	FALSE	0.9917355371900827
7415	0	0.033522434244455904	G	A	1939	2057	65	34	31	a	FALSE	0.9117647058823529
7426	0	0.030677882236516577	G	A	2021	2057	62	30	32	a	FALSE	0.9375
7444	0	0.03297818366311517	C	T	1971	2057	65	33	32	a	FALSE	0.9696969696969697
7465	0	0.0422462648119526	T	C	1941	2057	82	45	37	a	FALSE	0.8222222222222222
7469	0	0.030181086519114688	G	A	1988	2057	60	32	28	a	FALSE	0.875
7483	0	0.055404178019981834	G	C	1101	2057	61	27	34	a	FALSE	0.7941176470588235
7486	0	0.05597964376590331	G	A	1965	2057	110	61	49	a	FALSE	0.8032786885245902
7493	0	0.08260646485377117	G	T	1949	2057	161	77	84	a	TRUE	0.9166666666666666
7500	0	0.03407755581668625	G	A	1702	2057	58	28	30	a	FALSE	0.9333333333333333
7505	0	0.09932397295891836	T	C	1923	2057	191	82	109	a	TRUE	0.7522935779816514
7513	0	0.04807210816224337	C	T	1997	2057	96	46	50	a	FALSE	0.92
7568	0	0.10878885316184352	T	C	1866	2057	203	104	99	a	TRUE	0.9519230769230769
7982	0	0.043272481406355645	A	G	1479	1604	64	35	29	a	FALSE	0.8285714285714286
7997	0	0.09535918626827718	T	C	1573	1633	150	87	63	a	FALSE	0.7241379310344828
8007	0	0.11835443037974684	G	A	1580	1637	187	97	90	a	TRUE	0.9278350515463918
8037	0	0.03546099290780142	G	A	1551	1638	55	27	28	a	FALSE	0.9642857142857143
8045	0	0.03281733746130031	T	C	1615	1638	53	29	24	a	FALSE	0.8275862068965517
8102	0	0.03884711779448621	T	C	1596	1638	62	26	36	a	FALSE	0.7222222222222222
8105	0	0.1051980198019802	C	T	1616	1638	170	75	95	a	TRUE	0.7894736842105263
8107	0	0.05636478784040532	T	C	1579	1638	89	51	38	a	FALSE	0.7450980392156863
8145	0	0.06587942821628341	C	T	1609	1638	106	46	60	a	FALSE	0.7666666666666667
8182	0	0.03330557868442964	T	C	1201	1615	40	21	19	a	FALSE	0.9047619047619048
8183	0	0.04804804804804805	T	G	1332	1606	64	31	33	a	FALSE	0.9393939393939394
9201	0	0.036585365853658534	G	A	1968	2059	72	42	30	a	FALSE	0.7142857142857143
9220	0	0.03227383863080684	A	G	2045	2059	66	37	29	a	FALSE	0.7837837837837838
9225	0	0.07654563297350343	C	T	2038	2059	156	77	79	a	TRUE	0.9746835443037974
9272	0	0.11354581673306773	C	T	2008	2059	228	104	124	a	TRUE	0.8387096774193549
9280	0	0.04021847070506455	G	A	2014	2059	81	45	36	a	FALSE	0.8
9296	0	0.09381237524950099	T	C	2004	2059	188	88	100	a	TRUE	0.88
9348	0	0.03639326453014666	G	A	1841	2059	67	39	28	a	FALSE	0.717948717948718
9353	0	0.0785	C	T	2000	2059	157	67	90	a	FALSE	0.7444444444444445
9882	0	0.03413143148242486	C	T	1963	2002	67	28	39	a	FALSE	0.717948717948718
9887	0	0.08709016393442623	C	T	1952	2002	170	95	75	a	TRUE	0.7894736842105263
9889	0	0.0440084835630965	G	A	1886	2002	83	46	37	a	FALSE	0.8043478260869565
9890	0	0.03663570691434469	C	T	1938	2002	71	37	34	a	FALSE	0.918918918918919
9948	0	0.033185840707964605	G	A	1808	2002	60	28	32	a	FALSE	0.875
9951	0	0.03260869565217391	C	T	1932	2002	63	36	27	a	FALSE	0.75
10020	0	0.0378657487091222	G	A	4067	4157	154	84	70	a	FALSE	0.8333333333333334
10024	0	0.05616605616605617	C	T	4095	4155	230	97	133	a	FALSE	0.7293233082706767
10031	0	0.05293099183774425	C	T	4043	4154	214	103	111	a	FALSE	0.9279279279279279
10034	0	0.05141129032258065	G	A	3968	4154	204	106	98	a	FALSE	0.9245283018867925
10106	0	0.04014989293361884	G	A	1868	2005	75	43	32	a	FALSE	0.7441860465116279
10140	0	0.041304347826086954	C	T	1840	2005	76	40	36	a	FALSE	0.9
10157	0	0.037116729424421735	C	T	1859	2005	69	35	34	a	FALSE	0.9714285714285714
10158	0	0.08057113717491075	C	T	1961	2005	158	86	72	a	FALSE	0.8372093023255814
10174	0	0.03338469440164355	C	T	1947	2005	65	28	37	a	FALSE	0.7567567567567568
10193	0	0.08489461358313817	A	G	1708	2005	145	79	66	a	FALSE	0.8354430379746836
10197	0	0.030985915492957747	A	G	1775	2005	55	29	26	a	FALSE	0.896551724137931
10198	0	0.12430939226519337	G	A	1448	2005	180	89	91	a	FALSE	0.978021978021978
10227	0	0.030147895335608646	G	A	1758	2005	53	26	27	a	FALSE	0.9629629629629629
10233	0	0.04899432697266632	A	T	1939	2005	95	44	51	a	FALSE	0.8627450980392157
10244	0	0.030379746835443037	C	T	1975	2005	60	32	28	a	FALSE	0.875
10281	0	0.12257100149476831	G	A	2007	2072	246	110	136	a	TRUE	0.8088235294117647
10284	0	0.04180602006688963	C	T	1794	2071	75	33	42	a	FALSE	0.7857142857142857
10286	0	0.13151239251390998	C	T	1977	2071	260	147	113	a	TRUE	0.7687074829931972
10314	0	0.10153541357107479	A	G	2019	2070	205	115	90	a	TRUE	0.782608695652174
10333	0	0.031070195627157654	A	G	1738	2066	54	31	23	a	FALSE	0.7419354838709677
10346	0	0.056910569105691054	G	A	1845	2063	105	50	55	a	FALSE	0.9090909090909091
10349	0	0.10733899151273091	T	C	2003	2063	215	103	112	a	TRUE	0.9196428571428571
10389	0	0.03072033898305085	T	C	1888	2043	58	24	34	a	FALSE	0.7058823529411765
1070	0	0.1398989898989899	C	T	1980	2055	277	138	139	b	TRUE	0.9928057553956835
1081	0	0.035931174089068825	C	A	1976	2055	71	31	40	b	FALSE	0.775
1083	0	0.11444277861069466	C	T	2001	2055	229	131	98	b	FALSE	0.7480916030534351
1085	0	0.04046242774566474	G	A	1903	2055	77	43	34	b	FALSE	0.7906976744186046
1116	0	0.04642857142857143	A	G	1960	2056	91	39	52	b	FALSE	0.75
1120	0	0.03478686918177364	C	T	2041	2056	71	35	36	b	FALSE	0.9722222222222222
1125	0	0.03227408142999007	G	A	2014	2056	65	35	30	b	FALSE	0.8571428571428571
1133	0	0.035009861932938854	C	T	2028	2056	71	30	41	b	FALSE	0.7317073170731707
1187	0	0.18419556566230813	T	G	1759	2056	324	138	186	b	TRUE	0.7419354838709677
1206	0	0.04932058379466533	C	T	1987	2056	98	56	42	b	FALSE	0.75
1222	0	0.06856478791400349	T	C	1721	2056	118	59	59	b	FALSE	1
1279	0	0.03013115916341723	G	A	2821	4226	85	49	36	b	FALSE	0.7346938775510204
1281	0	0.05228398458998349	G	A	3634	4227	190	84	106	b	FALSE	0.7924528301886793
1337	0	0.09535573122529645	A	T	4048	4218	386	168	218	b	TRUE	0.7706422018348624
1400	0	0.04229607250755287	G	A	1986	2030	84	40	44	b	FALSE	0.9090909090909091
1421	0	0.03501750875437719	C	T	1999	2030	70	33	37	b	FALSE	0.8918918918918919
1442	0	0.12206572769953052	C	T	1917	2030	234	104	130	b	TRUE	0.8
1444	0	0.11267605633802817	C	T	1988	2030	224	104	120	b	FALSE	0.8666666666666667
1451	0	0.03615071283095723	T	C	1964	2030	71	35	36	b	FALSE	0.9722222222222222
1475	0	0.06566416040100251	A	G	1995	2030	131	59	72	b	TRUE	0.8194444444444444
1499	0	0.07850779510022271	G	A	1796	2030	141	62	79	b	TRUE	0.7848101265822784
1522	0	0.08014796547472257	G	T	1622	2030	130	55	75	b	FALSE	0.7333333333333333
1526	0	0.042042042042042045	T	G	1998	2030	84	35	49	b	FALSE	0.7142857142857143
1564	0	0.054381603480422626	T	C	3218	3473	175	101	74	b	FALSE	0.7326732673267327
1598	0	0.034382284382284384	T	C	3432	3474	118	61	57	b	FALSE	0.9344262295081968
1607	0	0.03264354415622268	C	T	3431	3472	112	48	64	b	FALSE	0.75
1620	0	0.0490506329113924	A	G	3160	3470	155	75	80	b	FALSE	0.9375
1655	0	0.14420157862780814	C	T	3294	3459	475	217	258	b	TRUE	0.8410852713178295
1659	0	0.06339084771192798	G	A	2666	3457	169	75	94	b	FALSE	0.7978723404255319
1662	0	0.03413173652694611	G	A	3340	3457	114	57	57	b	FALSE	1
1667	0	0.03497135966234549	C	T	3317	3460	116	61	55	b	FALSE	0.9016393442622951
1705	0	0.04612159329140461	T	C	1431	1446	66	32	34	b	FALSE	0.9411764705882353
1714	0	0.0476529160739687	A	G	1406	1446	67	31	36	b	FALSE	0.8611111111111112
1722	0	0.07313642756680731	C	T	1422	1446	104	46	58	b	FALSE	0.7931034482758621
1736	0	0.12125435540069686	A	G	1435	1446	174	93	81	b	TRUE	0.8709677419354839
1822	0	0.03736920777279522	G	A	1338	1446	50	23	27	b	FALSE	0.8518518518518519
1843	0	0.06067961165048544	T	G	1236	1446	75	34	41	b	FALSE	0.8292682926829268
1871	0	0.047058823529411764	T	C	1275	1420	60	34	26	b	FALSE	0.7647058823529411
2648	0	0.13157894736842105	T	G	1976	2126	260	110	150	b	TRUE	0.7333333333333333
2654	0	0.10927835051546392	C	T	1940	2126	212	104	108	b	TRUE	0.9629629629629629
2688	0	0.03219512195121951	A	G	2050	2126	66	31	35	b	FALSE	0.8857142857142857
2773	0	0.06760792831930491	A	C	3683	4179	249	103	146	b	FALSE	0.7054794520547946
2776	0	0.034323271665043814	C	T	4108	4179	141	62	79	b	FALSE	0.7848101265822784
2805	0	0.053482587064676616	G	A	4020	4159	215	119	96	b	FALSE	0.8067226890756303
2828	0	0.16465665764213636	C	T	4063	4157	669	299	370	b	TRUE	0.8081081081081081
2846	0	0.037839183470251433	G	A	4017	4154	152	65	87	b	FALSE	0.7471264367816092
2854	0	0.04156296665007466	A	G	4018	4152	167	70	97	b	FALSE	0.7216494845360825
2855	0	0.13629363449691992	T	C	3896	4152	531	293	238	b	TRUE	0.8122866894197952
2864	0	0.09378960709759189	A	G	3945	4151	370	199	171	b	TRUE	0.8592964824120602
2869	0	0.034448818897637803	C	T	4064	4151	140	64	76	b	FALSE	0.8421052631578947
2905	0	0.03571428571428571	C	T	2072	2111	74	31	43	b	FALSE	0.7209302325581395
2962	0	0.03322099181511796	A	G	2077	2112	69	37	32	b	FALSE	0.8648648648648649
3004	0	0.034482758620689655	G	T	1450	2114	50	23	27	b	FALSE	0.8518518518518519
3038	0	0.11652852267186738	T	C	2051	2112	239	125	114	b	TRUE	0.912
3050	0	0.10997566909975669	T	C	2055	2110	226	120	106	b	TRUE	0.8833333333333333
4085	0	0.14580529385374608	T	C	2229	2298	325	170	155	b	TRUE	0.9117647058823529
4086	0	0.04836480884385076	A	G	2171	2298	105	52	53	b	FALSE	0.9811320754716981
4105	0	0.07341650671785029	G	A	2084	2298	153	81	72	b	FALSE	0.8888888888888888
4106	0	0.15697990222705052	A	G	1841	2298	289	141	148	b	TRUE	0.9527027027027027
4109	0	0.03942652329749104	A	G	2232	2298	88	43	45	b	FALSE	0.9555555555555556
4127	0	0.03235815602836879	C	T	2256	2298	73	35	38	b	FALSE	0.9210526315789473
4140	0	0.07919890760127446	A	G	2197	2298	174	77	97	b	FALSE	0.7938144329896907
4147	0	0.03980322003577817	T	C	2236	2298	89	37	52	b	FALSE	0.7115384615384616
4162	0	0.0540297163439892	T	C	2221	2298	120	67	53	b	FALSE	0.7910447761194029
4172	0	0.03584070796460177	C	T	2260	2298	81	39	42	b	FALSE	0.9285714285714286
4176	0	0.03094688221709007	C	T	2165	2298	67	32	35	b	FALSE	0.9142857142857143
4177	0	0.04856512141280353	C	T	2265	2298	110	49	61	b	FALSE	0.8032786885245902
4208	0	0.04277566539923954	A	T	2104	2298	90	49	41	b	FALSE	0.8367346938775511
4209	0	0.07502287282708142	A	G	2186	2298	164	68	96	b	FALSE	0.7083333333333334
4230	0	0.05336832895888014	C	G	1143	2298	61	26	35	b	FALSE	0.7428571428571429
4238	0	0.1671309192200557	C	T	2154	2298	360	195	165	b	TRUE	0.8461538461538461
4661	0	0.03374870197300104	G	A	1926	2020	65	35	30	b	FALSE	0.8571428571428571
4680	0	0.041429311237700675	T	C	1931	2022	80	37	43	b	FALSE	0.8604651162790697
4683	0	0.0360125260960334	A	T	1916	2023	69	33	36	b	FALSE	0.9166666666666666
4687	0	0.04872991187143598	T	C	1929	2023	94	46	48	b	FALSE	0.9583333333333334
4751	0	0.08393039918116683	T	C	1954	2023	164	72	92	b	TRUE	0.782608695652174
4761	0	0.044829342842587876	T	C	1963	2023	88	37	51	b	FALSE	0.7254901960784313
4762	0	0.03794871794871795	G	A	1950	2023	74	38	36	b	FALSE	0.9473684210526315
4771	0	0.031185031185031187	C	T	1924	2023	60	26	34	b	FALSE	0.7647058823529411
4772	0	0.04996096799375488	A	T	1281	2023	64	27	37	b	FALSE	0.7297297297297297
4807	0	0.05366492146596859	T	C	1528	2023	82	34	48	b	FALSE	0.7083333333333334
4808	0	0.04767184035476718	T	C	1804	2023	86	50	36	b	FALSE	0.72
4848	0	0.0495565988523735	T	C	1917	2019	95	45	50	b	FALSE	0.9
4868	0	0.07154835103409726	A	G	1789	2014	128	65	63	b	FALSE	0.9692307692307692
5613	0	0.04809052333804809	A	G	2828	2890	136	63	73	b	FALSE	0.863013698630137
5618	0	0.03333333333333333	C	T	2820	2890	94	54	40	b	FALSE	0.7407407407407407
5646	0	0.03926512968299712	T	C	2776	2890	109	53	56	b	FALSE	0.9464285714285714
5665	0	0.06197301854974705	G	A	2372	2890	147	81	66	b	FALSE	0.8148148148148148
5667	0	0.0350385423966363	G	A	2854	2890	100	46	54	b	FALSE	0.8518518518518519
5710	0	0.03156331229112514	T	C	2693	2890	85	40	45	b	FALSE	0.8888888888888888
5717	0	0.16251778093883357	C	T	2812	2890	457	248	209	b	TRUE	0.842741935483871
5736	0	0.030400572246065807	T	A	2796	2890	85	38	47	b	FALSE	0.8085106382978723
5743	0	0.032654494382022475	C	T	2848	2890	93	43	50	b	FALSE	0.86
5752	0	0.04288777698355969	G	A	2798	2890	120	58	62	b	FALSE	0.9354838709677419
5828	0	0.13370809074483037	T	C	4981	5055	666	369	297	b	TRUE	0.8048780487804879
5861	0	0.1709470304975923	C	T	4984	5039	852	355	497	b	FALSE	0.7142857142857143
5878	0	0.05236593059936909	G	A	4755	5035	249	105	144	b	FALSE	0.7291666666666666
5880	0	0.04481227291077917	G	A	4954	5034	222	103	119	b	FALSE	0.865546218487395
5914	0	0.03202479338842975	T	C	1936	2012	62	29	33	b	FALSE	0.8787878787878788
5931	0	0.03224155578300921	G	A	1954	2012	63	28	35	b	FALSE	0.8
5934	0	0.04221635883905013	A	G	1895	2012	80	41	39	b	FALSE	0.9512195121951219
5955	0	0.04974358974358974	G	A	1950	2012	97	56	41	b	FALSE	0.7321428571428571
5976	0	0.04177411036616813	C	T	1939	2012	81	43	38	b	FALSE	0.8837209302325582
5977	0	0.03728813559322034	A	T	1770	2012	66	34	32	b	FALSE	0.9411764705882353
5999	0	0.030745967741935484	G	A	1984	2012	61	26	35	b	FALSE	0.7428571428571429
6030	0	0.08244680851063829	T	C	1880	2012	155	67	88	b	FALSE	0.7613636363636364
6056	0	0.14322381930184805	C	T	1948	2012	279	139	140	b	TRUE	0.9928571428571429
6769	0	0.03878667329686723	C	T	2011	2052	78	41	37	b	FALSE	0.9024390243902439
6784	0	0.06353443673251469	G	A	1873	2053	119	66	53	b	FALSE	0.803030303030303
6786	0	0.03772635814889336	G	A	1988	2053	75	40	35	b	FALSE	0.875
6823	0	0.03602232369355657	T	C	1971	2054	71	40	31	b	FALSE	0.775
6853	0	0.03398300849575212	A	G	2001	2054	68	36	32	b	FALSE	0.8888888888888888
6861	0	0.05396039603960396	C	T	2020	2054	109	55	54	b	FALSE	0.9818181818181818
6868	0	0.030183077684314694	C	T	2021	2054	61	35	26	b	FALSE	0.7428571428571429
6879	0	0.03405107661492238	A	G	1997	2053	68	38	30	b	FALSE	0.7894736842105263
6880	0	0.03356713426853707	T	C	1996	2053	67	28	39	b	FALSE	0.717948717948718
6883	0	0.04824120603015075	T	C	1990	2053	96	55	41	b	FALSE	0.7454545454545455
6951	0	0.04455445544554455	C	T	2020	2052	90	46	44	b	FALSE	0.9565217391304348
6957	0	0.03251231527093596	C	T	2030	2050	66	29	37	b	FALSE	0.7837837837837838
7032	0	0.04243353783231084	T	G	3912	4632	166	73	93	b	FALSE	0.7849462365591398
7034	0	0.11175422974176313	G	A	4492	4630	502	239	263	b	FALSE	0.908745247148289
7036	0	0.035288828950325916	C	A	4449	4629	157	78	79	b	FALSE	0.9873417721518988
7037	0	0.11682345219864362	C	T	4571	4628	534	272	262	b	TRUE	0.9632352941176471
7051	0	0.05012197826569084	T	C	4509	4626	226	126	100	b	FALSE	0.7936507936507936
7125	0	0.035512094698919194	G	A	1943	2062	69	33	36	b	FALSE	0.9166666666666666
7126	0	0.05268648930620762	C	T	1917	2062	101	42	59	b	FALSE	0.711864406779661
7127	0	0.10411899313501144	C	T	1748	2062	182	92	90	b	FALSE	0.9782608695652174
7129	0	0.05241307732226259	C	T	1927	2062	101	47	54	b	FALSE	0.8703703703703703
7157	0	0.10361067503924647	C	T	1911	2062	198	102	96	b	TRUE	0.9411764705882353
7193	0	0.038822792736380715	C	T	1597	2062	62	34	28	b	FALSE	0.8235294117647058
7199	0	0.05005005005005005	G	A	1998	2062	100	48	52	b	FALSE	0.9230769230769231
7220	0	0.06934886183165696	A	G	1889	2062	131	63	68	b	FALSE	0.9264705882352942
7228	0	0.04675876726886291	C	T	1882	2062	88	42	46	b	FALSE	0.9130434782608695
7250	0	0.04520884520884521	C	T	2035	2062	92	42	50	b	FALSE	0.84
7304	0	0.03908794788273615	A	G	4605	4971	180	85	95	b	FALSE	0.8947368421052632
7312	0	0.06509129967776585	G	A	4655	4966	303	145	158	b	FALSE	0.9177215189873418
7321	0	0.05516775501013285	A	T	4441	4966	245	109	136	b	FALSE	0.8014705882352942
7393	0	0.04948410191619288	T	C	4749	4902	235	103	132	b	FALSE	0.7803030303030303
7405	0	0.03145282076884673	C	T	2003	2071	63	34	29	b	FALSE	0.8529411764705882
7444	0	0.034378159757330634	C	T	1978	2071	68	34	34	b	FALSE	1
7447	0	0.05292061907139291	T	C	2003	2071	106	47	59	b	FALSE	0.7966101694915254
7465	0	0.0372829417773238	T	C	1958	2071	73	39	34	b	FALSE	0.8717948717948718
7493	0	0.08388074785245073	G	T	1979	2071	166	75	91	b	TRUE	0.8241758241758241
7500	0	0.04188790560471976	G	A	1695	2071	71	35	36	b	FALSE	0.9722222222222222
7501	0	0.05338266384778013	G	A	1892	2071	101	55	46	b	FALSE	0.8363636363636363
7534	0	0.046415981198589897	G	A	1702	2071	79	45	34	b	FALSE	0.7555555555555555
7538	0	0.09140859140859141	A	G	2002	2071	183	106	77	b	TRUE	0.7264150943396226
7568	0	0.10411105178857448	T	C	1873	2069	195	99	96	b	TRUE	0.9696969696969697
7992	0	0.03236423477783873	G	A	1823	1895	59	27	32	b	FALSE	0.84375
7997	0	0.09786768726079825	T	C	1829	1897	179	94	85	b	FALSE	0.9042553191489362
8007	0	0.10891089108910891	G	A	1818	1900	198	106	92	b	TRUE	0.8679245283018868
8033	0	0.04257583821181479	C	T	1879	1904	80	40	40	b	FALSE	1
8105	0	0.0966183574879227	C	T	1863	1905	180	76	104	b	TRUE	0.7307692307692307
8145	0	0.07013815090329437	C	T	1882	1905	132	56	76	b	FALSE	0.7368421052631579
9201	0	0.030556924593395762	G	A	2029	2127	62	27	35	b	FALSE	0.7714285714285715
9206	0	0.03581800580832527	A	G	2066	2127	74	33	41	b	FALSE	0.8048780487804879
9225	0	0.06925996204933586	C	T	2108	2127	146	82	64	b	TRUE	0.7804878048780488
9272	0	0.10454985479186835	C	T	2066	2127	216	101	115	b	TRUE	0.8782608695652174
9280	0	0.040786948176583494	G	A	2084	2127	85	49	36	b	FALSE	0.7346938775510204
9285	0	0.03092293054234063	G	A	2102	2127	65	29	36	b	FALSE	0.8055555555555556
9296	0	0.08762638420799229	T	C	2077	2127	182	86	96	b	TRUE	0.8958333333333334
9299	0	0.03468780971258672	C	T	2018	2127	70	38	32	b	FALSE	0.8421052631578947
9336	0	0.04131054131054131	C	T	2106	2127	87	45	42	b	FALSE	0.9333333333333333
9774	0	0.04082636497786522	G	A	2033	2056	83	42	41	b	FALSE	0.9761904761904762
9882	0	0.03796203796203796	C	T	2002	2057	76	35	41	b	FALSE	0.8536585365853658
9887	0	0.10109561752988047	C	T	2008	2057	203	107	96	b	TRUE	0.897196261682243
9889	0	0.047448979591836735	G	A	1960	2057	93	50	43	b	FALSE	0.86
9890	0	0.03235440517670483	C	T	2009	2057	65	32	33	b	FALSE	0.9696969696969697
9893	0	0.030660377358490566	C	G	1696	2057	52	26	26	b	FALSE	1
9948	0	0.03723404255319149	G	A	1880	2057	70	37	33	b	FALSE	0.8918918918918919
9993	0	0.033358042994810974	C	T	4047	4101	135	64	71	b	FALSE	0.9014084507042254
10001	0	0.05709255533199195	C	T	3976	4095	227	123	104	b	FALSE	0.8455284552845529
10020	0	0.032330827067669175	G	A	3990	4085	129	67	62	b	FALSE	0.9253731343283582
10024	0	0.047335811648079304	C	T	4035	4080	191	83	108	b	FALSE	0.7685185185185185
10031	0	0.050314465408805034	C	T	3975	4077	200	88	112	b	FALSE	0.7857142857142857
10034	0	0.04717948717948718	G	A	3900	4076	184	85	99	b	FALSE	0.8585858585858586
10058	0	0.091048986919723	G	A	3899	3951	355	189	166	b	FALSE	0.8783068783068783
10140	0	0.05456509994597515	C	T	1851	2007	101	48	53	b	FALSE	0.9056603773584906
10151	0	0.06387327542156362	C	T	1957	2007	125	72	53	b	FALSE	0.7361111111111112
10157	0	0.04008551576696953	C	T	1871	2007	75	39	36	b	FALSE	0.9230769230769231
10158	0	0.06795131845841786	C	T	1972	2007	134	75	59	b	FALSE	0.7866666666666666
10174	0	0.03917525773195876	C	T	1940	2007	76	37	39	b	FALSE	0.9487179487179487
10186	0	0.0484627410109432	A	G	1919	2007	93	47	46	b	FALSE	0.9787234042553191
10193	0	0.08755760368663594	A	G	1736	2007	152	79	73	b	FALSE	0.9240506329113924
10198	0	0.15331010452961671	G	A	1435	2007	220	104	116	b	FALSE	0.896551724137931
10210	0	0.03324396782841823	G	A	1865	2007	62	32	30	b	FALSE	0.9375
10227	0	0.03939223410241981	G	A	1777	2007	70	41	29	b	FALSE	0.7073170731707317
10228	0	0.057173107464266806	G	A	1889	2007	108	60	48	b	FALSE	0.8
10229	0	0.037267080745341616	G	A	1932	2007	72	38	34	b	FALSE	0.8947368421052632
10232	0	0.08776458440887971	C	G	1937	2007	170	97	73	b	FALSE	0.7525773195876289
10233	0	0.07377049180327869	A	T	1952	2007	144	67	77	b	FALSE	0.8701298701298701
10237	0	0.0513679508654383	C	T	1791	2007	92	41	51	b	FALSE	0.803921568627451
10244	0	0.03177004538577912	C	T	1983	2007	63	29	34	b	FALSE	0.8529411764705882
10249	0	0.038461538461538464	G	A	1794	2007	69	30	39	b	FALSE	0.7692307692307693
10250	0	0.049766718506998445	G	A	1929	2007	96	50	46	b	FALSE	0.92
10272	0	0.04240631163708087	G	A	2028	2080	86	49	37	b	FALSE	0.7551020408163265
10281	0	0.11451135241855874	G	A	2026	2081	232	105	127	b	TRUE	0.8267716535433071
10284	0	0.03982300884955752	C	T	1808	2081	72	35	37	b	FALSE	0.9459459459459459
10314	0	0.09985170538803757	A	G	2023	2078	202	111	91	b	TRUE	0.8198198198198198
10340	0	0.0377453447408153	C	T	1987	2072	75	37	38	b	FALSE	0.9736842105263158
10346	0	0.04643628509719223	G	A	1852	2070	86	38	48	b	FALSE	0.7916666666666666
10349	0	0.12109181141439206	T	C	2015	2069	244	112	132	b	TRUE	0.8484848484848485
10376	0	0.11157455683003129	G	A	1918	2053	214	122	92	b	TRUE	0.7540983606557377
10384	0	0.03003446578040374	C	T	2031	2050	61	35	26	b	FALSE	0.7428571428571429
10391	0	0.031676679410158386	A	C	1831	2027	58	24	34	b	FALSE	0.7058823529411765
1066	0	0.035842293906810034	G	A	1953	2013	70	30	40	c	FALSE	0.75
1070	0	0.0884318766066838	C	T	1945	2013	172	96	76	c	TRUE	0.7916666666666666
1081	0	0.04064616988014591	C	A	1919	2014	78	44	34	c	FALSE	0.7727272727272727
1083	0	0.10930350788002034	C	T	1967	2014	215	108	107	c	FALSE	0.9907407407407407
1084	0	0.07240506329113924	A	T	1975	2014	143	59	84	c	FALSE	0.7023809523809523
1085	0	0.05204460966542751	G	A	1883	2014	98	52	46	c	FALSE	0.8846153846153846
1133	0	0.03006012024048096	C	T	1996	2016	60	26	34	c	FALSE	0.7647058823529411
1144	0	0.0326530612244898	T	C	1960	2016	64	34	30	c	FALSE	0.8823529411764706
1181	0	0.0712682379349046	G	A	1782	2016	127	53	74	c	FALSE	0.7162162162162162
1222	0	0.06766467065868263	T	C	1670	2016	113	49	64	c	FALSE	0.765625
1281	0	0.04553072625698324	G	A	3580	4094	163	77	86	c	FALSE	0.8953488372093024
1337	0	0.07226166328600406	A	T	3944	4096	285	144	141	c	TRUE	0.9791666666666666
1343	0	0.06815843621399177	C	T	3888	4096	265	116	149	c	TRUE	0.7785234899328859
1381	0	0.03154176129195054	T	C	3963	4084	125	70	55	c	FALSE	0.7857142857142857
1442	0	0.12140240711669283	C	T	1911	2022	232	109	123	c	TRUE	0.8861788617886179
1444	0	0.09423558897243108	C	T	1995	2022	188	89	99	c	FALSE	0.898989898989899
1475	0	0.06566416040100251	A	G	1995	2022	131	64	67	c	TRUE	0.9552238805970149
1499	0	0.0878754171301446	G	A	1798	2022	158	79	79	c	TRUE	1
1522	0	0.10845588235294118	G	T	1632	2022	177	74	103	c	FALSE	0.7184466019417476
1526	0	0.052976791120080725	T	G	1982	2022	105	46	59	c	FALSE	0.7796610169491526
1564	0	0.049841772151898736	T	C	2528	2718	126	64	62	c	FALSE	0.96875
1581	0	0.04251316779533484	T	C	2658	2723	113	49	64	c	FALSE	0.765625
1607	0	0.03121516164994426	C	T	2691	2718	84	45	39	c	FALSE	0.8666666666666667
1620	0	0.04937775993576877	A	G	2491	2715	123	66	57	c	FALSE	0.8636363636363636
1646	0	0.03828483920367534	A	G	2612	2686	100	46	54	c	FALSE	0.8518518518518519
1667	0	0.04021655065738593	C	T	2586	2678	104	45	59	c	FALSE	0.7627118644067796
1705	0	0.038011695906432746	T	C	684	694	26	12	14	c	FALSE	0.8571428571428571
1736	0	0.09117221418234443	A	G	691	697	63	30	33	c	TRUE	0.9090909090909091
1740	0	0.0424597364568082	G	A	683	697	29	17	12	c	FALSE	0.7058823529411765
1816	0	0.04153846153846154	C	T	650	697	27	12	15	c	FALSE	0.8
1822	0	0.03686635944700461	G	A	651	692	24	11	13	c	FALSE	0.8461538461538461
1871	0	0.03902439024390244	T	C	615	688	24	12	12	c	FALSE	1
2646	0	0.05942102590147283	G	A	1969	2102	117	62	55	c	FALSE	0.8870967741935484
2649	0	0.03364212579229644	A	G	2051	2102	69	33	36	c	FALSE	0.9166666666666666
2654	0	0.09876543209876543	C	T	1944	2102	192	86	106	c	TRUE	0.8113207547169812
2794	0	0.04692329305984827	A	T	3559	3809	167	79	88	c	FALSE	0.8977272727272727
2810	0	0.03551609322974473	T	A	3604	3805	128	57	71	c	FALSE	0.8028169014084507
2825	0	0.07709071097793517	C	T	3671	3804	283	164	119	c	FALSE	0.725609756097561
2854	0	0.039783491204330175	A	G	3695	3801	147	71	76	c	FALSE	0.9342105263157895
2855	0	0.12134706373504035	T	C	3593	3801	436	227	209	c	TRUE	0.920704845814978
2856	0	0.037285407725321885	T	C	3728	3801	139	74	65	c	FALSE	0.8783783783783784
2864	0	0.08273381294964029	A	G	3614	3801	299	143	156	c	TRUE	0.9166666666666666
2875	0	0.03734329154441184	C	T	3749	3799	140	75	65	c	FALSE	0.8666666666666667
2903	0	0.03215434083601286	C	T	1555	1783	50	23	27	c	FALSE	0.8518518518518519
2930	0	0.03951890034364261	T	C	1746	1783	69	37	32	c	FALSE	0.8648648648648649
2934	0	0.03119584055459272	G	A	1731	1783	54	29	25	c	FALSE	0.8620689655172413
2972	0	0.05153445280833816	G	A	1727	1783	89	40	49	c	FALSE	0.8163265306122449
3050	0	0.1115606936416185	T	C	1730	1783	193	80	113	c	TRUE	0.7079646017699115
4085	0	0.09573459715639811	T	C	2110	2184	202	99	103	c	TRUE	0.9611650485436893
4086	0	0.04170755642787046	A	G	2038	2184	85	42	43	c	FALSE	0.9767441860465116
4094	0	0.08629164391043145	C	T	1831	2184	158	90	68	c	TRUE	0.7555555555555555
4105	0	0.07424015944195317	G	A	2007	2184	149	70	79	c	FALSE	0.8860759493670886
4106	0	0.10270880361173815	A	G	1772	2184	182	85	97	c	TRUE	0.8762886597938144
4109	0	0.030985915492957747	A	G	2130	2184	66	33	33	c	FALSE	1
4127	0	0.031805425631431246	C	T	2138	2184	68	31	37	c	FALSE	0.8378378378378378
4147	0	0.03415559772296015	T	C	2108	2184	72	31	41	c	FALSE	0.7560975609756098
4162	0	0.04832535885167464	T	C	2090	2184	101	51	50	c	FALSE	0.9803921568627451
4208	0	0.05168986083499006	A	T	2012	2184	104	53	51	c	FALSE	0.9622641509433962
4230	0	0.04271123491179202	C	G	1077	2184	46	23	23	c	FALSE	1
4238	0	0.12152269399707175	C	T	2049	2184	249	138	111	c	TRUE	0.8043478260869565
4661	0	0.030971128608923884	G	A	1905	2007	59	27	32	c	FALSE	0.84375
4667	0	0.06600314300680984	C	T	1909	2007	126	62	64	c	FALSE	0.96875
4733	0	0.12401883830455258	T	C	1911	2009	237	98	139	c	TRUE	0.7050359712230215
4743	0	0.07867494824016563	G	A	1449	2009	114	64	50	c	FALSE	0.78125
4751	0	0.0844997407983411	T	C	1929	2009	163	68	95	c	TRUE	0.7157894736842105
4761	0	0.0422462648119526	T	C	1941	2009	82	39	43	c	FALSE	0.9069767441860465
4783	0	0.039413845376452754	C	T	1979	2009	78	41	37	c	FALSE	0.9024390243902439
4830	0	0.04257767548906789	A	C	1738	2009	74	42	32	c	FALSE	0.7619047619047619
4834	0	0.07315816589386914	A	G	1941	2009	142	80	62	c	FALSE	0.775
4847	0	0.034976152623211444	A	C	1887	2009	66	34	32	c	FALSE	0.9411764705882353
4854	0	0.04379185986604843	G	A	1941	2009	85	48	37	c	FALSE	0.7708333333333334
5613	0	0.047118380062305294	A	G	2568	2621	121	61	60	c	FALSE	0.9836065573770492
5637	0	0.04032729398012858	G	C	1711	2621	69	31	38	c	FALSE	0.8157894736842105
5646	0	0.033690051525961155	T	C	2523	2621	85	37	48	c	FALSE	0.7708333333333334
5665	0	0.06206896551724138	G	A	2175	2621	135	75	60	c	FALSE	0.8
5667	0	0.03166023166023166	G	A	2590	2621	82	41	41	c	FALSE	1
5704	0	0.034241245136186774	C	T	2570	2621	88	45	43	c	FALSE	0.9555555555555556
5717	0	0.1323185011709602	C	T	2562	2621	339	162	177	c	TRUE	0.9152542372881356
5737	0	0.05415860735009671	G	A	2585	2621	140	80	60	c	FALSE	0.75
5828	0	0.09660183799957256	T	C	4679	4730	452	235	217	c	TRUE	0.9234042553191489
5839	0	0.03187772925764192	C	T	4580	4730	146	75	71	c	FALSE	0.9466666666666667
5861	0	0.14545066211020932	C	T	4682	4722	681	342	339	c	FALSE	0.9912280701754386
5892	0	0.030961791831357048	A	G	4554	4713	141	69	72	c	FALSE	0.9583333333333334
5914	0	0.0400832899531494	T	C	1921	2003	77	36	41	c	FALSE	0.8780487804878049
5934	0	0.04357181280258203	A	G	1859	2003	81	42	39	c	FALSE	0.9285714285714286
5948	0	0.038560411311053984	C	T	1945	2003	75	36	39	c	FALSE	0.9230769230769231
5955	0	0.07135470527404343	G	A	1934	2003	138	69	69	c	FALSE	1
5968	0	0.03137039075399009	G	A	1817	2003	57	29	28	c	FALSE	0.9655172413793104
5976	0	0.03648509763617677	C	T	1946	2003	71	41	30	c	FALSE	0.7317073170731707
5977	0	0.036830357142857144	A	T	1792	2004	66	37	29	c	FALSE	0.7837837837837838
5999	0	0.03441295546558704	G	A	1976	2004	68	31	37	c	FALSE	0.8378378378378378
6030	0	0.07554146856840993	T	C	1893	2004	143	60	83	c	FALSE	0.7228915662650602
6056	0	0.137842023748064	C	T	1937	2003	267	118	149	c	TRUE	0.7919463087248322
6822	0	0.030569948186528497	A	C	1930	2023	59	33	26	c	FALSE	0.7878787878787878
6832	0	0.040621865596790374	C	T	1994	2023	81	34	47	c	FALSE	0.723404255319149
6852	0	0.06168505516549649	C	T	1994	2023	123	69	54	c	FALSE	0.782608695652174
6886	0	0.03783231083844581	C	T	1956	2023	74	32	42	c	FALSE	0.7619047619047619
6951	0	0.035553329994992486	C	T	1997	2018	71	41	30	c	FALSE	0.7317073170731707
6953	0	0.03461330448891293	A	C	1849	2018	64	31	33	c	FALSE	0.9393939393939394
7025	0	0.03130841121495327	C	T	4280	4361	134	65	69	c	FALSE	0.9420289855072463
7035	0	0.04612888270746407	G	A	4314	4359	199	115	84	c	FALSE	0.7304347826086957
7037	0	0.11399443929564411	C	T	4316	4360	492	244	248	c	TRUE	0.9838709677419355
7065	0	0.030484877580412868	A	G	4166	4341	127	68	59	c	FALSE	0.8676470588235294
7125	0	0.033661315380631794	G	A	1931	2038	65	30	35	c	FALSE	0.8571428571428571
7127	0	0.09526558891454966	C	T	1732	2038	165	77	88	c	FALSE	0.875
7129	0	0.04377279833246483	C	T	1919	2038	84	35	49	c	FALSE	0.7142857142857143
7148	0	0.12437311935807423	T	C	1994	2038	248	119	129	c	TRUE	0.9224806201550387
7149	0	0.03635405690200211	G	A	1898	2038	69	38	31	c	FALSE	0.8157894736842105
7151	0	0.13122171945701358	C	T	1989	2038	261	127	134	c	TRUE	0.9477611940298507
7175	0	0.10712401055408971	C	T	1895	2038	203	95	108	c	TRUE	0.8796296296296297
7193	0	0.03604153940134392	C	T	1637	2038	59	27	32	c	FALSE	0.84375
7197	0	0.047474747474747475	C	T	1980	2038	94	53	41	c	FALSE	0.7735849056603774
7199	0	0.0448814926878467	G	A	1983	2038	89	50	39	c	FALSE	0.78
7220	0	0.07043010752688172	A	G	1860	2038	131	55	76	c	FALSE	0.7236842105263158
7228	0	0.04290254237288135	C	T	1888	2038	81	45	36	c	FALSE	0.8
7304	0	0.048615957199348685	A	G	4299	4588	209	97	112	c	FALSE	0.8660714285714286
7308	0	0.0316147859922179	G	A	4112	4587	130	55	75	c	FALSE	0.7333333333333333
7310	0	0.04124656278643447	G	A	4364	4583	180	93	87	c	FALSE	0.9354838709677419
7312	0	0.056380510440835266	G	A	4310	4582	243	122	121	c	FALSE	0.9918032786885246
7321	0	0.05633462282398453	A	T	4136	4574	233	115	118	c	FALSE	0.9745762711864406
7338	0	0.03026854802002731	G	A	4394	4568	133	74	59	c	FALSE	0.7972972972972973
7405	0	0.03937405350832913	C	T	1981	2050	78	41	37	c	FALSE	0.9024390243902439
7444	0	0.030753459764223477	C	T	1951	2050	60	34	26	c	FALSE	0.7647058823529411
7447	0	0.0537525354969574	T	C	1972	2050	106	48	58	c	FALSE	0.8275862068965517
7483	0	0.055401662049861494	G	C	1083	2050	60	25	35	c	FALSE	0.7142857142857143
7493	0	0.07542329399692149	G	T	1949	2050	147	77	70	c	TRUE	0.9090909090909091
7501	0	0.051606108478146395	G	A	1899	2050	98	54	44	c	FALSE	0.8148148148148148
7513	0	0.0392156862745098	C	T	1989	2050	78	35	43	c	FALSE	0.813953488372093
7534	0	0.04886561954624782	G	A	1719	2050	84	45	39	c	FALSE	0.8666666666666667
7568	0	0.11344086021505376	T	C	1860	2050	211	112	99	c	TRUE	0.8839285714285714
7982	0	0.04186046511627907	A	G	1075	1145	45	20	25	c	FALSE	0.8
7992	0	0.03766816143497758	G	A	1115	1154	42	19	23	c	FALSE	0.8260869565217391
7993	0	0.06942003514938488	G	A	1138	1154	79	42	37	c	FALSE	0.8809523809523809
7997	0	0.07996406109613657	T	C	1113	1158	89	50	39	c	FALSE	0.78
8016	0	0.04512635379061372	C	T	1108	1163	50	21	29	c	FALSE	0.7241379310344828
8033	0	0.048372911169744945	C	T	1137	1163	55	32	23	c	FALSE	0.71875
8037	0	0.04155374887082204	G	A	1107	1163	46	25	21	c	FALSE	0.84
8105	0	0.08987783595113438	C	T	1146	1163	103	55	48	c	TRUE	0.8727272727272727
8107	0	0.05480682839173405	T	C	1113	1163	61	32	29	c	FALSE	0.90625
8145	0	0.051618547681539804	C	T	1143	1163	59	27	32	c	FALSE	0.84375
9222	0	0.034434620753839	G	A	2149	2193	74	39	35	c	FALSE	0.8974358974358975
9225	0	0.09271217712177121	C	T	2168	2193	201	106	95	c	TRUE	0.8962264150943396
9261	0	0.04247104247104247	T	C	2072	2193	88	38	50	c	FALSE	0.76
9272	0	0.12968164794007492	C	T	2136	2193	277	129	148	c	TRUE	0.8716216216216216
9296	0	0.11116300794021486	T	C	2141	2193	238	131	107	c	TRUE	0.816793893129771
9325	0	0.036926147704590816	T	C	2004	2193	74	31	43	c	FALSE	0.7209302325581395
9336	0	0.032302722658052604	C	T	2167	2193	70	41	29	c	FALSE	0.7073170731707317
9759	0	0.03211517165005537	C	G	1806	2001	58	29	29	c	FALSE	1
9774	0	0.034222445898339206	G	A	1987	2001	68	32	36	c	FALSE	0.8888888888888888
9858	0	0.0346611484738748	C	T	1933	2001	67	30	37	c	FALSE	0.8108108108108109
9887	0	0.10648148148148148	C	T	1944	2001	207	102	105	c	TRUE	0.9714285714285714
9890	0	0.04153846153846154	C	T	1950	2001	81	42	39	c	FALSE	0.9285714285714286
9948	0	0.03107658157602664	G	A	1802	2001	56	30	26	c	FALSE	0.8666666666666667
9970	0	0.033992897006595635	A	G	1971	2001	67	38	29	c	FALSE	0.7631578947368421
9993	0	0.03071587812732227	C	T	4037	4107	124	69	55	c	FALSE	0.7971014492753623
10001	0	0.04601458385717878	C	T	3977	4105	183	101	82	c	FALSE	0.8118811881188119
10020	0	0.034301452178267404	G	A	3994	4097	137	71	66	c	FALSE	0.9295774647887324
10024	0	0.045263418253771955	C	T	4043	4095	183	89	94	c	FALSE	0.9468085106382979
10031	0	0.046564309086332745	C	T	3973	4094	185	80	105	c	FALSE	0.7619047619047619
10033	0	0.037866224433388614	G	A	3618	4094	137	73	64	c	FALSE	0.8767123287671232
10058	0	0.08224106913389874	G	A	3891	3953	320	172	148	c	FALSE	0.8604651162790697
10140	0	0.04875406283856988	C	T	1846	2005	90	39	51	c	FALSE	0.7647058823529411
10151	0	0.049064238745574106	C	T	1977	2005	97	55	42	c	FALSE	0.7636363636363637
10157	0	0.03735325506937033	C	T	1874	2005	70	32	38	c	FALSE	0.8421052631578947
10158	0	0.0705521472392638	C	T	1956	2005	138	77	61	c	FALSE	0.7922077922077922
10193	0	0.08983451536643026	A	G	1692	2005	152	78	74	c	FALSE	0.9487179487179487
10197	0	0.037267080745341616	A	G	1771	2005	66	28	38	c	FALSE	0.7368421052631579
10198	0	0.14135021097046413	G	A	1422	2005	201	97	104	c	FALSE	0.9326923076923077
10228	0	0.03844155844155844	G	A	1925	2005	74	37	37	c	FALSE	1
10233	0	0.05855161787365177	A	T	1947	2005	114	57	57	c	FALSE	1
10237	0	0.05868945868945869	C	T	1755	2005	103	44	59	c	FALSE	0.7457627118644068
10239	0	0.049019607843137254	C	T	1938	2005	95	41	54	c	FALSE	0.7592592592592593
10249	0	0.03388888888888889	G	A	1800	2005	61	35	26	c	FALSE	0.7428571428571429
10253	0	0.03181118522319138	T	C	1949	2004	62	29	33	c	FALSE	0.8787878787878788
10272	0	0.04275653923541248	G	A	1988	2061	85	48	37	c	FALSE	0.7708333333333334
10281	0	0.11644177911044477	G	A	2001	2064	233	113	120	c	TRUE	0.9416666666666667
10284	0	0.04692737430167598	C	T	1790	2064	84	37	47	c	FALSE	0.7872340425531915
10287	0	0.0751008064516129	A	G	1984	2063	149	85	64	c	FALSE	0.7529411764705882
10314	0	0.0935788949726232	A	G	2009	2061	188	105	83	c	TRUE	0.7904761904761904
10340	0	0.03681290973272819	C	T	1983	2056	73	41	32	c	FALSE	0.7804878048780488
10347	0	0.06574923547400612	G	A	1962	2053	129	73	56	c	FALSE	0.7671232876712328
10348	0	0.04880478087649402	G	A	2008	2053	98	47	51	c	FALSE	0.9215686274509803
10349	0	0.10391566265060241	T	C	1992	2053	207	94	113	c	TRUE	0.831858407079646
10359	0	0.0326530612244898	T	A	1960	2051	64	33	31	c	FALSE	0.9393939393939394
