Pos	Qual	Freq	Ref	Base	UngappedCoverage	TotalCoverage	VariantCov	ForwardVariantCov	ReverseVariantCov	replica	State	StrandAF	D	prob
1070	0	0.09217474795967355	C	T	2083	2164	192	104	88	a	TRUE	0.8461538461538461	1	0.3123822705378756
1083	0	0.12652869238005646	C	T	2126	2164	269	175	94	a	FALSE	0.5371428571428571	0	0.33867648762374725
1159	0	0.12361178174794785	A	G	2071	2166	256	31	225	a	FALSE	0.13777777777777778	0	0.20141258636240725
1175	0	0.23485967503692762	A	G	2031	2166	477	405	72	a	TRUE	0.17777777777777778	1	0.6167339096140476
1181	0	0.08082408874801902	G	A	1893	2166	153	66	87	a	FALSE	0.7586206896551724	0	0.24353001652323344
1183	0	0.20783132530120482	C	T	1992	2166	414	33	381	a	FALSE	0.08661417322834646	0	0.48998882514433245
1187	0	0.1521156936261382	T	G	1867	2166	284	103	181	a	TRUE	0.569060773480663	1	0.44140807685721106
1222	0	0.06847045831032579	T	C	1811	2166	124	70	54	a	FALSE	0.7714285714285715	0	0.202883092845749
1229	0	0.16124260355029585	G	A	2028	2166	327	314	13	a	FALSE	0.041401273885350316	0	0.3070292985072016
1337	0	0.09049116864263247	A	T	4133	4293	374	184	190	a	TRUE	0.968421052631579	1	0.3450808687639723
1442	0	0.12460732984293194	C	T	1910	2029	238	104	134	a	TRUE	0.7761194029850746	1	0.4075429865719099
1444	0	0.09250879839115134	C	T	1989	2029	184	99	85	a	FALSE	0.8585858585858586	0	0.31753558935783655
1475	0	0.07292707292707293	A	G	2002	2029	146	65	81	a	TRUE	0.8024691358024691	1	0.2288608281724681
1522	0	0.07024029574861368	G	T	1623	2029	114	50	64	a	FALSE	0.78125	0	0.21240457661441278
1634	0	0.12211441953830712	C	T	2989	3139	365	68	297	a	FALSE	0.22895622895622897	0	0.22492158420310354
1655	0	0.12429378531073447	C	T	3009	3125	374	155	219	a	TRUE	0.7077625570776256	1	0.3847205545561072
1664	0	0.20404040404040405	A	G	2970	3123	606	592	14	a	FALSE	0.02364864864864865	0	0.4562915153763858
1736	0	0.09090909090909091	A	G	1122	1131	102	48	54	a	TRUE	0.8888888888888888	1	0.32136017083855045
2648	0	0.13271604938271606	T	G	1944	2109	258	77	181	a	TRUE	0.425414364640884	1	0.3256216753647807
2654	0	0.0970724191063174	C	T	1947	2109	189	81	108	a	TRUE	0.75	1	0.2996011866129672
2655	0	0.14768392370572206	G	A	1835	2109	271	237	34	a	FALSE	0.14345991561181434	0	0.2903377161567628
2812	0	0.13742763654669016	T	A	3973	4126	546	18	528	a	FALSE	0.03409090909090909	0	0.2185183519624855
2828	0	0.14755732801595214	C	T	4012	4117	592	247	345	a	TRUE	0.7159420289855073	1	0.4715115183282536
2855	0	0.13164687661331956	T	C	3874	4099	510	251	259	a	TRUE	0.9691119691119691	1	0.49425159443356953
2864	0	0.0926444387884958	A	G	3929	4099	364	177	187	a	TRUE	0.946524064171123	1	0.3459267451678648
3038	0	0.10379241516966067	T	C	2004	2056	208	104	104	a	TRUE	1	1	0.40324007676160684
3050	0	0.0958354239839438	T	C	1993	2056	191	95	96	a	TRUE	0.9895833333333334	1	0.37113707715415684
4085	0	0.11440677966101695	T	C	2124	2188	243	121	122	a	TRUE	0.9918032786885246	1	0.43905520372735135
4094	0	0.11292962356792144	C	T	1833	2188	207	120	87	a	TRUE	0.725	1	0.34906010607281335
4105	0	0.06851385390428212	G	A	1985	2188	136	68	68	a	FALSE	1	0	0.2755592395496248
4106	0	0.12093553907586994	A	G	1753	2188	212	100	112	a	TRUE	0.8928571428571429	1	0.4312914727874819
4153	0	0.12009345794392523	T	C	2140	2188	257	65	192	a	FALSE	0.3385416666666667	0	0.2523755644842288
4209	0	0.08592233009708738	A	G	2060	2189	177	67	110	a	FALSE	0.6090909090909091	0	0.21454020332623336
4238	0	0.13873961895456766	C	T	2047	2188	284	166	118	a	TRUE	0.7108433734939759	1	0.4379806430701251
4733	0	0.07271789582258896	T	C	1939	2020	141	69	72	a	TRUE	0.9583333333333334	1	0.277554962180756
4757	0	0.15781083953241232	T	C	1882	2020	297	13	284	a	FALSE	0.045774647887323945	0	0.2959965379631166
4775	0	0.1252556237218814	A	G	1956	2020	245	31	214	a	FALSE	0.14485981308411214	0	0.20960893488517934
4867	0	0.1600218459858001	T	C	1831	2013	293	21	272	a	FALSE	0.07720588235294118	0	0.3139708739820568
5591	0	0.12010542168674698	T	C	2656	2763	319	210	109	a	TRUE	0.5190476190476191	1	0.3096881701447062
5665	0	0.0636042402826855	G	A	2264	2763	144	76	68	a	FALSE	0.8947368421052632	0	0.2243933242542273
5717	0	0.18452380952380953	C	T	2688	2763	496	259	237	a	TRUE	0.915057915057915	1	0.6684750072148001
5828	0	0.11833231146535868	T	C	4893	4955	579	337	242	a	TRUE	0.7181008902077152	1	0.3664247289056658
5843	0	0.1042230081131683	C	T	4807	4952	501	352	149	a	FALSE	0.42329545454545453	0	0.22182685190837564
5861	0	0.17911056711546308	C	T	4902	4946	878	361	517	a	FALSE	0.6982591876208898	0	0.580099346007073
5993	0	0.09669079627714582	A	G	1934	2015	187	119	68	a	FALSE	0.5714285714285714	0	0.241564472112292
6030	0	0.07842076798269335	T	C	1849	2015	145	66	79	a	FALSE	0.8354430379746836	0	0.259205376709509
6056	0	0.12378017462763226	C	T	1947	2015	241	106	135	a	TRUE	0.7851851851851852	1	0.40742564064474207
6890	0	0.13340174448435094	A	G	1949	2055	260	197	63	a	TRUE	0.3197969543147208	1	0.2945940133646407
7010	0	0.2158143726064429	T	C	4439	4586	958	13	945	a	FALSE	0.013756613756613757	0	0.4957656295195167
7033	0	0.12509161983874909	G	A	4093	4577	512	406	106	a	FALSE	0.26108374384236455	0	0.2458898531012114
7034	0	0.10144600090375057	G	A	4426	4576	449	219	230	a	FALSE	0.9521739130434783	0	0.3795740587746509
7035	0	0.05964834186512353	G	A	4493	4576	268	131	137	a	FALSE	0.9562043795620438	0	0.22957792960351184
7037	0	0.17400979083222073	C	T	4494	4577	782	343	439	a	TRUE	0.7813211845102506	1	0.5879916837038824
7044	0	0.05693950177935943	G	A	4215	4572	240	126	114	a	FALSE	0.9047619047619048	0	0.2034528381915536
7094	0	0.23746835443037975	C	T	1975	2057	469	138	331	a	TRUE	0.4169184290030212	1	0.7020476880107626
7098	0	0.07746835443037975	T	C	1975	2059	153	88	65	a	FALSE	0.7386363636363636	0	0.22504443196521168
7127	0	0.10414269275028769	C	T	1738	2059	181	89	92	a	FALSE	0.967391304347826	0	0.3941620141341518
7148	0	0.15239980207817913	T	C	2021	2059	308	149	159	a	TRUE	0.9371069182389937	1	0.5592067005054675
7151	0	0.17768803634528016	C	T	1981	2059	352	158	194	a	TRUE	0.8144329896907216	1	0.6118094754935435
7155	0	0.1795275590551181	G	A	1905	2059	342	309	33	a	FALSE	0.10679611650485436	0	0.3939544437649277
7157	0	0.14486711829077645	C	T	1919	2059	278	145	133	a	TRUE	0.9172413793103448	1	0.5256415090030522
7168	0	0.1992696922274387	C	T	1917	2059	382	20	362	a	FALSE	0.055248618784530384	0	0.44905101932827346
7175	0	0.1462018730489074	C	T	1922	2059	281	117	164	a	TRUE	0.7134146341463414	1	0.4658039609158454
7204	0	0.1253731343283582	T	C	2010	2059	252	53	199	a	FALSE	0.2663316582914573	0	0.24857372680496548
7220	0	0.087540279269602575	A	G	1862	2059	163	72	91	a	FALSE	0.7912087912087912	0	0.2781766404555233
7321	0	0.054438671786763045	A	T	4427	4960	241	120	121	a	FALSE	0.9917355371900827	0	0.2219959993216775
7379	0	0.14972557628979144	T	C	4555	4912	682	89	593	a	FALSE	0.15008431703204048	0	0.299828634409095
7406	0	0.08440276406712735	C	T	2026	2057	171	66	105	a	FALSE	0.6285714285714286	0	0.2152211653031553
7408	0	0.12103746397694524	A	G	1735	2057	210	37	173	a	FALSE	0.2138728323699422	0	0.21623832172936147
7451	0	0.1785	C	T	2000	2057	357	101	256	a	TRUE	0.39453125	1	0.4815254996742071
7493	0	0.08260646485377117	G	T	1949	2057	161	77	84	a	TRUE	0.9166666666666666	1	0.3001242330205671
7505	0	0.09932397295891836	T	C	1923	2057	191	82	109	a	TRUE	0.7522935779816514	1	0.30847773877564494
7538	0	0.08190091001011122	A	G	1978	2057	162	96	66	a	TRUE	0.6875	1	0.22486273522381456
7568	0	0.10878885316184352	T	C	1866	2057	203	104	99	a	TRUE	0.9519230769230769	1	0.40606986573262105
7997	0	0.09535918626827718	T	C	1573	1633	150	87	63	a	FALSE	0.7241379310344828	0	0.2851953370684285
8007	0	0.11835443037974684	G	A	1580	1637	187	97	90	a	TRUE	0.9278350515463918	1	0.4330473518020522
8105	0	0.1051980198019802	C	T	1616	1638	170	75	95	a	TRUE	0.7894736842105263	1	0.3415333703261926
8108	0	0.141497461928934	A	G	1576	1638	223	203	20	a	FALSE	0.09852216748768473	0	0.25369011166207894
8185	0	0.13024602026049203	A	G	691	1606	90	23	67	a	FALSE	0.34328358208955223	0	0.29062438264684065
9200	0	0.10540540540540541	G	A	1850	2059	195	128	67	a	TRUE	0.5234375	1	0.2578783747315456
9225	0	0.07654563297350343	C	T	2038	2059	156	77	79	a	TRUE	0.9746835443037974	1	0.29659582897353715
9242	0	0.13034410844629823	T	C	1918	2059	250	81	169	a	TRUE	0.47928994082840237	1	0.3341302603966754
9272	0	0.11354581673306773	C	T	2008	2059	228	104	124	a	TRUE	0.8387096774193549	1	0.38736702852295785
9291	0	0.10819165378670788	C	T	1941	2059	210	72	138	a	FALSE	0.5217391304347826	0	0.26742357422156005
9296	0	0.09381237524950099	T	C	2004	2059	188	88	100	a	TRUE	0.88	1	0.3290476057432835
9353	0	0.0785	C	T	2000	2059	157	67	90	a	FALSE	0.7444444444444445	0	0.23062091883127162
9829	0	0.11008704557091654	A	G	1953	2002	215	61	154	a	FALSE	0.3961038961038961	0	0.23442299408223524
9887	0	0.08709016393442623	C	T	1952	2002	170	95	75	a	TRUE	0.7894736842105263	1	0.27599707535397805
10058	0	0.0873471425006239	G	A	4007	4054	350	207	143	a	FALSE	0.6908212560386473	0	0.2456275812870501
10097	0	0.11476278823217599	C	T	3773	3866	433	260	173	a	FALSE	0.6653846153846154	0	0.33678049691980727
10158	0	0.08057113717491075	C	T	1961	2005	158	86	72	a	FALSE	0.8372093023255814	0	0.26754841810310914
10193	0	0.08489461358313817	A	G	1708	2005	145	79	66	a	FALSE	0.8354430379746836	0	0.2826356413404278
10198	0	0.12430939226519337	G	A	1448	2005	180	89	91	a	FALSE	0.978021978021978	0	0.47052251963452596
10281	0	0.12257100149476831	G	A	2007	2072	246	110	136	a	TRUE	0.8088235294117647	1	0.41054913974115126
10286	0	0.13151239251390998	C	T	1977	2071	260	147	113	a	TRUE	0.7687074829931972	1	0.43018233283339125
10314	0	0.10153541357107479	A	G	2019	2070	205	115	90	a	TRUE	0.782608695652174	1	0.3260995346046903
10319	0	0.2642089093701997	C	T	1953	2068	516	26	490	a	FALSE	0.053061224489795916	0	0.6833862673498483
10346	0	0.056910569105691054	G	A	1845	2063	105	50	55	a	FALSE	0.9090909090909091	0	0.20472159209708252
10349	0	0.10733899151273091	T	C	2003	2063	215	103	112	a	TRUE	0.9196428571428571	1	0.3905809209773729
10361	0	0.19065321295804566	T	C	1883	2060	359	98	261	a	TRUE	0.37547892720306514	1	0.5194658884874521
10376	0	0.12318087318087319	G	A	1924	2055	237	150	87	a	TRUE	0.58	1	0.3401573260632481
10379	0	0.10117526826775677	A	G	1957	2054	198	59	139	a	FALSE	0.4244604316546763	0	0.21116602759351633
1070	0	0.1398989898989899	C	T	1980	2055	277	138	139	b	TRUE	0.9928057553956835	1	0.5316351507182913
1083	0	0.11444277861069466	C	T	2001	2055	229	131	98	b	FALSE	0.7480916030534351	0	0.361862841745915
1175	0	0.30373095112979503	A	G	1903	2056	578	476	102	b	TRUE	0.21428571428571427	1	0.8775770466515288
1181	0	0.08093427485062465	G	A	1841	2056	149	60	89	b	FALSE	0.6741573033707865	0	0.21713102007599677
1183	0	0.18730325288562436	C	T	1906	2056	357	26	331	b	FALSE	0.07854984894259819	0	0.4131346602649909
1187	0	0.18419556566230813	T	G	1759	2056	324	138	186	b	TRUE	0.7419354838709677	1	0.6123602918018026
1222	0	0.06856478791400349	T	C	1721	2056	118	59	59	b	FALSE	1	0	0.2757435808824492
1229	0	0.13381369016984046	G	A	1943	2056	260	248	12	b	FALSE	0.04838709677419355	0	0.20997445471626677
1337	0	0.09535573122529645	A	T	4048	4218	386	168	218	b	TRUE	0.7706422018348624	1	0.2999372895891061
1343	0	0.08684738955823293	C	T	3984	4217	346	140	206	b	TRUE	0.6796116504854369	1	0.24026238306869646
1442	0	0.12206572769953052	C	T	1917	2030	234	104	130	b	TRUE	0.8	1	0.4059209931406491
1444	0	0.11267605633802817	C	T	1988	2030	224	104	120	b	FALSE	0.8666666666666667	0	0.3930891175074992
1475	0	0.06566416040100251	A	G	1995	2030	131	59	72	b	TRUE	0.8194444444444444	1	0.20796053093567657
1499	0	0.07850779510022271	G	A	1796	2030	141	62	79	b	TRUE	0.7848101265822784	1	0.24345599184367941
1522	0	0.08014796547472257	G	T	1622	2030	130	55	75	b	FALSE	0.7333333333333333	0	0.23306003322363672
1634	0	0.10754316873674644	C	T	3301	3466	355	91	264	b	FALSE	0.3446969696969697	0	0.20890621927004166
1655	0	0.14420157862780814	C	T	3294	3459	475	217	258	b	TRUE	0.8410852713178295	1	0.4990706497644457
1664	0	0.2067056290372193	A	G	3251	3459	672	649	23	b	FALSE	0.03543913713405239	0	0.469678328390541
1722	0	0.07313642756680731	C	T	1422	1446	104	46	58	b	FALSE	0.7931034482758621	0	0.2266470672870181
1736	0	0.12125435540069686	A	G	1435	1446	174	93	81	b	TRUE	0.8709677419354839	1	0.4255004664784124
1783	0	0.08726981585268215	T	C	1249	1446	109	42	67	b	FALSE	0.6268656716417911	0	0.22505646620790684
2648	0	0.13157894736842105	T	G	1976	2126	260	110	150	b	TRUE	0.7333333333333333	1	0.4192000171482687
2654	0	0.10927835051546392	C	T	1940	2126	212	104	108	b	TRUE	0.9629629629629629	1	0.41134409964800883
2655	0	0.12633832976445397	G	A	1868	2126	236	210	26	b	FALSE	0.12380952380952381	0	0.2068488385146875
2828	0	0.16465665764213636	C	T	4063	4157	669	299	370	b	TRUE	0.8081081081081081	1	0.5626393612552434
2842	0	0.33787465940054495	G	T	1468	4155	496	12	484	b	FALSE	0.024793388429752067	0	0.9410301803418437
2855	0	0.13629363449691992	T	C	3896	4152	531	293	238	b	TRUE	0.8122866894197952	1	0.4613131133316518
2864	0	0.09378960709759189	A	G	3945	4151	370	199	171	b	TRUE	0.8592964824120602	1	0.3223965768312659
3038	0	0.11652852267186738	T	C	2051	2112	239	125	114	b	TRUE	0.912	1	0.4214149892020975
3050	0	0.10997566909975669	T	C	2055	2110	226	120	106	b	TRUE	0.8833333333333333	1	0.38860367506806226
4085	0	0.14580529385374608	T	C	2229	2298	325	170	155	b	TRUE	0.9117647058823529	1	0.5272993820492987
4094	0	0.12525773195876289	C	T	1940	2298	243	144	99	b	TRUE	0.6875	1	0.38178056652685594
4105	0	0.07341650671785029	G	A	2084	2298	153	81	72	b	FALSE	0.8888888888888888	0	0.258050678772315
4106	0	0.15697990222705052	A	G	1841	2298	289	141	148	b	TRUE	0.9527027027027027	1	0.5807311760508573
4140	0	0.07919890760127446	A	G	2197	2298	174	77	97	b	FALSE	0.7938144329896907	0	0.24881408470902577
4153	0	0.12250332889480692	T	C	2253	2298	276	62	214	b	FALSE	0.2897196261682243	0	0.24560759686345263
4209	0	0.07502287282708142	A	G	2186	2298	164	68	96	b	FALSE	0.7083333333333334	0	0.20657942551891822
4234	0	0.09696691176470588	C	T	2176	2298	211	77	134	b	FALSE	0.5746268656716418	0	0.24357852056776033
4238	0	0.1671309192200557	C	T	2154	2298	360	195	165	b	TRUE	0.8461538461538461	1	0.5836650654550963
4667	0	0.07847186370676304	C	T	1937	2020	152	90	62	b	FALSE	0.6888888888888889	0	0.2128929200703414
4681	0	0.093573264781491	A	G	1945	2023	182	114	68	b	FALSE	0.5964912280701754	0	0.2382330975140214
4733	0	0.12263157894736842	T	C	1900	2023	233	94	139	b	TRUE	0.6762589928057554	1	0.3687094980680147
4751	0	0.08393039918116683	T	C	1954	2023	164	72	92	b	TRUE	0.782608695652174	1	0.2623831330336775
4775	0	0.13231552162849872	A	G	1965	2023	260	31	229	b	FALSE	0.13537117903930132	0	0.23214978259448785
4867	0	0.14516129032258066	T	C	1798	2016	261	16	245	b	FALSE	0.0653061224489796	0	0.256411820550816
4868	0	0.07154835103409726	A	G	1789	2014	128	65	63	b	FALSE	0.9692307692307692	0	0.27677956404733367
5591	0	0.09873873873873874	T	C	2775	2887	274	188	86	b	TRUE	0.4574468085106383	1	0.21281331494746003
5717	0	0.16251778093883357	C	T	2812	2890	457	248	209	b	TRUE	0.842741935483871	1	0.5658866076487343
5740	0	0.09333333333333334	T	C	2775	2890	259	102	157	b	FALSE	0.6496815286624203	0	0.2542404735905104
5828	0	0.13370809074483037	T	C	4981	5055	666	369	297	b	TRUE	0.8048780487804879	1	0.4496049174901128
5861	0	0.1709470304975923	C	T	4984	5039	852	355	497	b	FALSE	0.7142857142857143	0	0.5556384719783168
6030	0	0.08244680851063829	T	C	1880	2012	155	67	88	b	FALSE	0.7613636363636364	0	0.2502732521063673
6056	0	0.14322381930184805	C	T	1948	2012	279	139	140	b	TRUE	0.9928571428571429	1	0.5436847400271427
6861	0	0.05396039603960396	C	T	2020	2054	109	55	54	b	FALSE	0.9818181818181818	0	0.21711852529844472
6890	0	0.13072568193515183	A	G	1943	2053	254	185	69	b	TRUE	0.372972972972973	1	0.30177996636905313
7010	0	0.18960517510595584	T	C	4483	4635	850	24	826	b	FALSE	0.029055690072639227	0	0.4057627588775566
7033	0	0.1378404204491161	G	A	4186	4631	577	472	105	b	FALSE	0.22245762711864406	0	0.2797756066123027
7034	0	0.11175422974176313	G	A	4492	4630	502	239	263	b	FALSE	0.908745247148289	0	0.40310313905786244
7037	0	0.11682345219864362	C	T	4571	4628	534	272	262	b	TRUE	0.9632352941176471	1	0.4387378773674756
7094	0	0.21392532795156408	C	T	1982	2062	424	93	331	b	TRUE	0.2809667673716012	1	0.5737067992810232
7098	0	0.08627648839556004	T	C	1982	2062	171	108	63	b	FALSE	0.5833333333333334	0	0.207649847611339
7108	0	0.149	A	T	2000	2062	298	287	11	b	FALSE	0.03832752613240418	0	0.2617454247654049
7127	0	0.10411899313501144	C	T	1748	2062	182	92	90	b	FALSE	0.9782608695652174	0	0.3975248379984545
7148	0	0.11618669314796425	T	C	2014	2062	234	94	140	b	TRUE	0.6714285714285714	1	0.3438514926169568
7151	0	0.146807440925088	C	T	1989	2062	292	120	172	b	TRUE	0.6976744186046512	1	0.46300172952428564
7155	0	0.22486772486772486	G	A	1890	2062	425	385	40	b	FALSE	0.1038961038961039	0	0.5571303408144498
7156	0	0.1455958549222798	G	A	1930	2062	281	267	14	b	FALSE	0.052434456928838954	0	0.2539007986311588
7157	0	0.10361067503924647	C	T	1911	2062	198	102	96	b	TRUE	0.9411764705882353	1	0.3839193187096029
7168	0	0.19533678756476683	C	T	1930	2062	377	19	358	b	FALSE	0.05307262569832402	0	0.434126596742849
7175	0	0.11675392670157068	C	T	1910	2062	223	87	136	b	TRUE	0.6397058823529411	1	0.3358397453602285
7204	0	0.13719663199603765	T	C	2019	2062	277	67	210	b	FALSE	0.319047619047619	0	0.3080907997745149
7220	0	0.06934886183165696	A	G	1889	2062	131	63	68	b	FALSE	0.9264705882352942	0	0.255252565146259
7312	0	0.06509129967776585	G	A	4655	4966	303	145	158	b	FALSE	0.9177215189873418	0	0.237067689490232
7379	0	0.1414273281114012	T	C	4596	4936	650	86	564	b	FALSE	0.1524822695035461	0	0.2705562582168114
7408	0	0.12117780294450736	A	G	1766	2071	214	38	176	b	FALSE	0.2159090909090909	0	0.21739228498741794
7451	0	0.20658682634730538	C	T	2004	2071	414	99	315	b	TRUE	0.3142857142857143	1	0.5577182912814449
7493	0	0.08388074785245073	G	T	1979	2071	166	75	91	b	TRUE	0.8241758241758241	1	0.2753914789534348
7505	0	0.09553478712357218	T	C	1926	2071	184	70	114	b	TRUE	0.6140350877192983	1	0.25089843444376936
7538	0	0.09140859140859141	A	G	2002	2071	183	106	77	b	TRUE	0.7264150943396226	1	0.271619747223517
7568	0	0.10411105178857448	T	C	1873	2069	195	99	96	b	TRUE	0.9696969696969697	1	0.39477901934572046
7997	0	0.09786768726079825	T	C	1829	1897	179	94	85	b	FALSE	0.9042553191489362	0	0.35142017745660536
8007	0	0.10891089108910891	G	A	1818	1900	198	106	92	b	TRUE	0.8679245283018868	1	0.3798612431497047
8105	0	0.0966183574879227	C	T	1863	1905	180	76	104	b	TRUE	0.7307692307692307	1	0.291856472579358
8185	0	0.13670886075949368	A	G	790	1852	108	18	90	b	FALSE	0.2	0	0.26855509025653673
9200	0	0.08528341133645345	G	A	1923	2127	164	99	65	b	TRUE	0.6565656565656566	1	0.22729017763940326
9225	0	0.06925996204933586	C	T	2108	2127	146	82	64	b	TRUE	0.7804878048780488	1	0.2086147119015793
9242	0	0.13116420945602442	T	C	1967	2127	258	80	178	b	TRUE	0.449438202247191	1	0.3276272941847048
9272	0	0.10454985479186835	C	T	2066	2127	216	101	115	b	TRUE	0.8782608695652174	1	0.36735711942891325
9291	0	0.1159563924677899	C	T	2018	2127	234	72	162	b	FALSE	0.4444444444444444	0	0.2710025002660901
9296	0	0.08762638420799229	T	C	2077	2127	182	86	96	b	TRUE	0.8958333333333334	1	0.31168260748119014
9758	0	0.10103499260719566	A	G	2029	2056	205	141	64	b	TRUE	0.45390070921985815	1	0.21999888593397038
9829	0	0.10822942643391521	A	G	2005	2057	217	67	150	b	FALSE	0.44666666666666666	0	0.243741965118912
9887	0	0.10109561752988047	C	T	2008	2057	203	107	96	b	TRUE	0.897196261682243	1	0.36086312952398136
10058	0	0.091048986919723	G	A	3899	3951	355	189	166	b	FALSE	0.8783068783068783	0	0.31850911991971015
10097	0	0.13138486752253484	C	T	3661	3744	481	316	165	b	FALSE	0.5221518987341772	0	0.3514958521385865
10158	0	0.06795131845841786	C	T	1972	2007	134	75	59	b	FALSE	0.7866666666666666	0	0.20583881796289166
10193	0	0.08755760368663594	A	G	1736	2007	152	79	73	b	FALSE	0.9240506329113924	0	0.32038620691966824
10198	0	0.15331010452961671	G	A	1435	2007	220	104	116	b	FALSE	0.896551724137931	0	0.5496342968910775
10232	0	0.08776458440887971	C	G	1937	2007	170	97	73	b	FALSE	0.7525773195876289	0	0.26673180375291483
10233	0	0.07377049180327869	A	T	1952	2007	144	67	77	b	FALSE	0.8701298701298701	0	0.2533801354257493
10281	0	0.11451135241855874	G	A	2026	2081	232	105	127	b	TRUE	0.8267716535433071	1	0.3870739246448004
10286	0	0.12563067608476286	C	T	1982	2081	249	152	97	b	TRUE	0.6381578947368421	1	0.36747551328163347
10314	0	0.09985170538803757	A	G	2023	2078	202	111	91	b	TRUE	0.8198198198198198	1	0.3318118370913764
10319	0	0.2511462047885889	C	T	1963	2078	493	32	461	b	FALSE	0.06941431670281996	0	0.6412978416040802
10324	0	0.13388687078360145	T	C	1927	2077	258	14	244	b	FALSE	0.05737704918032787	0	0.21309156268115484
10349	0	0.12109181141439206	T	C	2015	2069	244	112	132	b	TRUE	0.8484848484848485	1	0.41777901383738736
10357	0	0.194206008583691	G	A	1864	2066	362	348	14	b	FALSE	0.040229885057471264	0	0.42595943070914744
10361	0	0.2012847965738758	T	C	1868	2066	376	102	274	b	TRUE	0.3722627737226277	1	0.5569235250327457
10376	0	0.11157455683003129	G	A	1918	2053	214	122	92	b	TRUE	0.7540983606557377	1	0.3533878892104457
1070	0	0.0884318766066838	C	T	1945	2013	172	96	76	c	TRUE	0.7916666666666666	1	0.2815487970374516
1083	0	0.10930350788002034	C	T	1967	2014	215	108	107	c	FALSE	0.9907407407407407	0	0.42024823333609757
1155	0	0.14470954356846474	T	C	1928	2016	279	12	267	c	FALSE	0.0449438202247191	0	0.2483164818994479
1159	0	0.12268993839835729	A	G	1948	2016	239	38	201	c	FALSE	0.1890547263681592	0	0.21434492284109583
1175	0	0.24802110817941952	A	G	1895	2016	470	415	55	c	TRUE	0.13253012048192772	1	0.6500122477209304
1182	0	0.10483042137718397	G	A	1946	2016	204	53	151	c	FALSE	0.3509933774834437	0	0.20108586031173972
1183	0	0.18773135906927552	C	T	1891	2016	355	26	329	c	FALSE	0.0790273556231003	0	0.41483556930240884
1187	0	0.134648868253047	T	G	1723	2016	232	88	144	c	TRUE	0.6111111111111112	1	0.3915331647852739
1229	0	0.14889123548046462	G	A	1894	2016	282	268	14	c	FALSE	0.05223880597014925	0	0.2657654279938585
1337	0	0.07226166328600406	A	T	3944	4096	285	144	141	c	TRUE	0.9791666666666666	1	0.2825135695002522
1343	0	0.06815843621399177	C	T	3888	4096	265	116	149	c	TRUE	0.7785234899328859	1	0.20400482854082275
1442	0	0.12140240711669283	C	T	1911	2022	232	109	123	c	TRUE	0.8861788617886179	1	0.43086234544899854
1444	0	0.09423558897243108	C	T	1995	2022	188	89	99	c	FALSE	0.898989898989899	0	0.33660425334409927
1475	0	0.06566416040100251	A	G	1995	2022	131	64	67	c	TRUE	0.9552238805970149	1	0.251039410106676
1494	0	0.1437308868501529	T	C	1962	2022	282	14	268	c	FALSE	0.05223880597014925	0	0.24708899647876403
1499	0	0.0878754171301446	G	A	1798	2022	158	79	79	c	TRUE	1	1	0.3456329759419561
1522	0	0.10845588235294118	G	T	1632	2022	177	74	103	c	FALSE	0.7184466019417476	0	0.33078945388507147
1655	0	0.12299882858258493	C	T	2561	2680	315	128	187	c	TRUE	0.6844919786096256	1	0.3726507426456398
1664	0	0.18653465346534653	A	G	2525	2677	471	459	12	c	FALSE	0.026143790849673203	0	0.39372600757662685
1736	0	0.09117221418234443	A	G	691	697	63	30	33	c	TRUE	0.9090909090909091	1	0.32872198697542915
2646	0	0.05942102590147283	G	A	1969	2102	117	62	55	c	FALSE	0.8870967741935484	0	0.20682938344214402
2648	0	0.12849162011173185	T	G	1969	2102	253	83	170	c	TRUE	0.48823529411764705	1	0.3302638008189423
2654	0	0.09876543209876543	C	T	1944	2102	192	86	106	c	TRUE	0.8113207547169812	1	0.32518386923599585
2655	0	0.1444929116684842	G	A	1834	2102	265	246	19	c	FALSE	0.07723577235772358	0	0.25777774396894576
2825	0	0.07709071097793517	C	T	3671	3804	283	164	119	c	FALSE	0.725609756097561	0	0.2195446926664884
2828	0	0.15477145148356056	C	T	3741	3803	579	233	346	c	TRUE	0.6734104046242775	1	0.48412695911903125
2855	0	0.12134706373504035	T	C	3593	3801	436	227	209	c	TRUE	0.920704845814978	1	0.44161613953984613
2864	0	0.08273381294964029	A	G	3614	3801	299	143	156	c	TRUE	0.9166666666666666	1	0.3005851336614863
3038	0	0.11296829971181556	T	C	1735	1783	196	76	120	c	TRUE	0.6333333333333333	1	0.3201169073689226
3039	0	0.11343283582089553	A	G	1675	1783	190	40	150	c	FALSE	0.26666666666666666	0	0.2054654607085414
3050	0	0.1115606936416185	T	C	1730	1783	193	80	113	c	TRUE	0.7079646017699115	1	0.33870081090888615
4085	0	0.09573459715639811	T	C	2110	2184	202	99	103	c	TRUE	0.9611650485436893	1	0.36175586480411087
4094	0	0.08629164391043145	C	T	1831	2184	158	90	68	c	TRUE	0.7555555555555555	1	0.26234581753978525
4105	0	0.07424015944195317	G	A	2007	2184	149	70	79	c	FALSE	0.8860759493670886	0	0.26013919414391073
4106	0	0.10270880361173815	A	G	1772	2184	182	85	97	c	TRUE	0.8762886597938144	1	0.36006822713199493
4153	0	0.12856474988312294	T	C	2139	2184	275	62	213	c	FALSE	0.29107981220657275	0	0.2679767541270494
4208	0	0.05168986083499006	A	T	2012	2184	104	53	51	c	FALSE	0.9622641509433962	0	0.20269703410314055
4234	0	0.10009671179883946	C	T	2068	2184	207	63	144	c	FALSE	0.4375	0	0.21139957264031822
4238	0	0.12152269399707175	C	T	2049	2184	249	138	111	c	TRUE	0.8043478260869565	1	0.405335074462386
4667	0	0.06600314300680984	C	T	1909	2007	126	62	64	c	FALSE	0.96875	0	0.2565577079717531
4681	0	0.10744234800838574	A	G	1908	2007	205	145	60	c	FALSE	0.41379310344827586	0	0.23046352728820263
4706	0	0.11293634496919917	A	G	1948	2009	220	170	50	c	FALSE	0.29411764705882354	0	0.21237795195342243
4733	0	0.12401883830455258	T	C	1911	2009	237	98	139	c	TRUE	0.7050359712230215	1	0.3828603944885428
4743	0	0.07867494824016563	G	A	1449	2009	114	64	50	c	FALSE	0.78125	0	0.2429314306891102
4751	0	0.0844997407983411	T	C	1929	2009	163	68	95	c	TRUE	0.7157894736842105	1	0.24324390279812524
4775	0	0.1373257614868353	A	G	1937	2009	266	25	241	c	FALSE	0.1037344398340249	0	0.2402455173219059
4834	0	0.07315816589386914	A	G	1941	2009	142	80	62	c	FALSE	0.775	0	0.22098204368972507
5717	0	0.1323185011709602	C	T	2562	2621	339	162	177	c	TRUE	0.9152542372881356	1	0.4795948536539137
5828	0	0.09660183799957256	T	C	4679	4730	452	235	217	c	TRUE	0.9234042553191489	1	0.35291419419652154
5861	0	0.14545066211020932	C	T	4682	4722	681	342	339	c	FALSE	0.9912280701754386	0	0.5512273141631601
5955	0	0.07135470527404343	G	A	1934	2003	138	69	69	c	FALSE	1	0	0.2858409026411947
5993	0	0.09699170124481328	A	G	1928	2004	187	118	69	c	FALSE	0.5847457627118644	0	0.24687867183205692
6030	0	0.07554146856840993	T	C	1893	2004	143	60	83	c	FALSE	0.7228915662650602	0	0.21307524235065156
6056	0	0.137842023748064	C	T	1937	2003	267	118	149	c	TRUE	0.7919463087248322	1	0.4604636598648077
6890	0	0.13392391870766024	A	G	1919	2023	257	188	69	c	TRUE	0.3670212765957447	1	0.31146678474509154
7010	0	0.16706049149338376	T	C	4232	4364	707	24	683	c	FALSE	0.03513909224011713	0	0.3260987000484302
7033	0	0.13181019332161686	G	A	3983	4358	525	431	94	c	FALSE	0.21809744779582366	0	0.25656753585412545
7034	0	0.10342401500938087	G	A	4264	4358	441	173	268	c	FALSE	0.6455223880597015	0	0.2894412851100948
7037	0	0.11399443929564411	C	T	4316	4360	492	244	248	c	TRUE	0.9838709677419355	1	0.4350461613413649
7094	0	0.21592649310872894	C	T	1959	2037	423	109	314	c	TRUE	0.3471337579617834	1	0.6019423222177203
7108	0	0.14459049544994945	A	T	1978	2038	286	275	11	c	FALSE	0.04	0	0.2463170898459819
7127	0	0.09526558891454966	C	T	1732	2038	165	77	88	c	FALSE	0.875	0	0.33272074910600224
7148	0	0.12437311935807423	T	C	1994	2038	248	119	129	c	TRUE	0.9224806201550387	1	0.45313149909583866
7151	0	0.13122171945701358	C	T	1989	2038	261	127	134	c	TRUE	0.9477611940298507	1	0.48593887557393994
7155	0	0.22575516693163752	G	A	1887	2038	426	388	38	c	FALSE	0.0979381443298969	0	0.558451900079542
7157	0	0.10057621791513882	C	T	1909	2038	192	132	60	c	TRUE	0.45454545454545453	1	0.21854303888011936
7168	0	0.159547092125579	C	T	1943	2038	310	20	290	c	FALSE	0.06896551724137931	0	0.3096382068364248
7175	0	0.10712401055408971	C	T	1895	2038	203	95	108	c	TRUE	0.8796296296296297	1	0.3771078206170372
7204	0	0.14128806789815276	T	C	2003	2038	283	68	215	c	FALSE	0.31627906976744186	0	0.3220202216623542
7312	0	0.056380510440835266	G	A	4310	4582	243	122	121	c	FALSE	0.9918032786885246	0	0.22904543097645685
7321	0	0.05633462282398453	A	T	4136	4574	233	115	118	c	FALSE	0.9745762711864406	0	0.22341372353352376
7379	0	0.1439269833840393	T	C	4273	4545	615	61	554	c	FALSE	0.11010830324909747	0	0.2661590267575281
7451	0	0.19193954659949622	C	T	1985	2050	381	120	261	c	TRUE	0.45977011494252873	1	0.5508645620399116
7493	0	0.07542329399692149	G	T	1949	2050	147	77	70	c	TRUE	0.9090909090909091	1	0.2717231967092041
7505	0	0.09968186638388123	T	C	1886	2050	188	76	112	c	TRUE	0.6785714285714286	1	0.28638313245926905
7538	0	0.09297625063163213	A	G	1979	2050	184	122	62	c	TRUE	0.5081967213114754	1	0.2080590850450946
7568	0	0.11344086021505376	T	C	1860	2050	211	112	99	c	TRUE	0.8839285714285714	1	0.4013338121866113
7993	0	0.06942003514938488	G	A	1138	1154	79	42	37	c	FALSE	0.8809523809523809	0	0.2410685492588065
7997	0	0.07996406109613657	T	C	1113	1158	89	50	39	c	FALSE	0.78	0	0.2472004235915537
8007	0	0.10062893081761007	G	A	1113	1163	112	70	42	c	TRUE	0.6	1	0.2648823293095831
8105	0	0.08987783595113438	C	T	1146	1163	103	55	48	c	TRUE	0.8727272727272727	1	0.31250022103810515
8185	0	0.15060240963855423	A	G	498	1156	75	13	62	c	FALSE	0.20967741935483872	0	0.321909250180666
9200	0	0.10465116279069768	G	A	1978	2193	207	125	82	c	TRUE	0.656	1	0.29720684415386145
9225	0	0.09271217712177121	C	T	2168	2193	201	106	95	c	TRUE	0.8962264150943396	1	0.330213918982973
9242	0	0.15182987141444115	T	C	2022	2193	307	109	198	c	TRUE	0.5505050505050505	1	0.43448643068006343
9272	0	0.12968164794007492	C	T	2136	2193	277	129	148	c	TRUE	0.8716216216216216	1	0.4562081403447904
9291	0	0.12324114507520621	C	T	2061	2193	254	86	168	c	FALSE	0.5119047619047619	0	0.3187708181149651
9296	0	0.11116300794021486	T	C	2141	2193	238	131	107	c	TRUE	0.816793893129771	1	0.371789878733357
9758	0	0.09974683544303797	A	G	1975	2001	197	129	68	c	TRUE	0.5271317829457365	1	0.23857086002396877
9829	0	0.11134020618556702	A	G	1940	2001	216	73	143	c	FALSE	0.5104895104895105	0	0.27524969639727587
9887	0	0.10648148148148148	C	T	1944	2001	207	102	105	c	TRUE	0.9714285714285714	1	0.40390751042769685
10058	0	0.08224106913389874	G	A	3891	3953	320	172	148	c	FALSE	0.8604651162790697	0	0.28097066311970065
10097	0	0.10837710810063589	C	T	3617	3724	392	269	123	c	FALSE	0.45724907063197023	0	0.24763394742431508
10158	0	0.0705521472392638	C	T	1956	2005	138	77	61	c	FALSE	0.7922077922077922	0	0.21700982526418022
10193	0	0.08983451536643026	A	G	1692	2005	152	78	74	c	FALSE	0.9487179487179487	0	0.3364530730617187
10198	0	0.14135021097046413	G	A	1422	2005	201	97	104	c	FALSE	0.9326923076923077	0	0.5178151830989877
10233	0	0.05855161787365177	A	T	1947	2005	114	57	57	c	FALSE	1	0	0.23950372619334317
10281	0	0.11644177911044477	G	A	2001	2064	233	113	120	c	TRUE	0.9416666666666667	1	0.430513418629234
10286	0	0.12983706720977597	C	T	1964	2063	255	158	97	c	TRUE	0.6139240506329114	1	0.3750106674696165
10287	0	0.0751008064516129	A	G	1984	2063	149	85	64	c	FALSE	0.7529411764705882	0	0.22101425992217844
10314	0	0.0935788949726232	A	G	2009	2061	188	105	83	c	TRUE	0.7904761904761904	1	0.29979927982102655
10319	0	0.26479591836734695	C	T	1960	2061	519	22	497	c	FALSE	0.04426559356136821	0	0.6827201827026664
10324	0	0.15392615704628185	T	C	1923	2059	296	15	281	c	FALSE	0.05338078291814947	0	0.2843502276836023
10349	0	0.10391566265060241	T	C	1992	2053	207	94	113	c	TRUE	0.831858407079646	1	0.35033968296719564
10361	0	0.18885941644562335	T	C	1885	2051	356	97	259	c	TRUE	0.3745173745173745	1	0.5126686733758169
10376	0	0.11626666666666667	G	A	1875	2040	218	132	86	c	TRUE	0.6515151515151515	1	0.337822983394536
